"matchday","team1","team2","score1","score2","goal1","goal2","res","season"
1,"Zoggiathebest99 Team","Fanta Figa",NA,NA,"3","0","3-0","2020/2021"
15,"Zoggiathebest99 Team","Fanta Figa",NA,NA,"1","2","1-2","2020/2021"
3,"Hakimi Raikkonen","Fanta Figa",NA,NA,"2","3","2-3","2020/2021"
31,"Hakimi Raikkonen","Fanta Figa",NA,NA,"4","3","4-3","2020/2021"
30,"Aston Pirla","Fanta Figa",NA,NA,"1","2","1-2","2020/2021"
35,"Joe Gage FC","Fanta Figa",NA,NA,"2","4","2-4","2020/2021"
14,"Joe Gage FC","Fanta Figa",NA,NA,"0","3","0-3","2020/2021"
8,"Zoggiathebest99 Team","Fanta Figa",NA,NA,"3","1","3-1","2020/2021"
22,"Zoggiathebest99 Team","Fanta Figa",NA,NA,"2","4","2-4","2020/2021"
19,"Sbocca Juniors","Fanta Figa",NA,NA,"1","0","1-0","2020/2021"
23,"Aston Pirla","Fanta Figa",NA,NA,"0","4","0-4","2020/2021"
5,"Sbocca Juniors","Fanta Figa",NA,NA,"2","0","2-0","2020/2021"
9,"Aston Pirla","Fanta Figa",NA,NA,"0","0","0-0","2020/2021"
21,"Joe Gage FC","Fanta Figa",NA,NA,"2","3","2-3","2020/2021"
16,"Aston Pirla","Fanta Figa",NA,NA,"3","1","3-1","2020/2021"
12,"Sbocca Juniors","Fanta Figa",NA,NA,"3","8","3-8","2020/2021"
33,"Sbocca Juniors","Fanta Figa",NA,NA,"2","0","2-0","2020/2021"
2,"Aston Pirla","Fanta Figa",NA,NA,"3","1","3-1","2020/2021"
7,"Joe Gage FC","Fanta Figa",NA,NA,"0","2","0-2","2020/2021"
28,"Joe Gage FC","Fanta Figa",NA,NA,"0","0","0-0","2020/2021"
29,"Zoggiathebest99 Team","Fanta Figa",NA,NA,"1","3","1-3","2020/2021"
26,"Sbocca Juniors","Fanta Figa",NA,NA,"4","1","4-1","2020/2021"
17,"Hakimi Raikkonen","Fanta Figa",NA,NA,"3","2","3-2","2020/2021"
24,"Hakimi Raikkonen","Fanta Figa",NA,NA,"6","2","6-2","2020/2021"
10,"Hakimi Raikkonen","Fanta Figa",NA,NA,"3","3","3-3","2020/2021"
9,"Zoggiathebest99 Team","Hakimi Raikkonen",NA,NA,"0","2","0-2","2020/2021"
5,"Joe Gage FC","Hakimi Raikkonen",NA,NA,"3","2","3-2","2020/2021"
23,"Zoggiathebest99 Team","Hakimi Raikkonen",NA,NA,"4","1","4-1","2020/2021"
12,"Joe Gage FC","Hakimi Raikkonen",NA,NA,"5","4","5-4","2020/2021"
33,"Joe Gage FC","Hakimi Raikkonen",NA,NA,"2","5","2-5","2020/2021"
26,"Joe Gage FC","Hakimi Raikkonen",NA,NA,"3","3","3-3","2020/2021"
27,"Aston Pirla","Hakimi Raikkonen",NA,NA,"2","4","2-4","2020/2021"
13,"Aston Pirla","Hakimi Raikkonen",NA,NA,"0","3","0-3","2020/2021"
16,"Zoggiathebest99 Team","Hakimi Raikkonen",NA,NA,"2","1","2-1","2020/2021"
30,"Zoggiathebest99 Team","Hakimi Raikkonen",NA,NA,"2","4","2-4","2020/2021"
20,"Aston Pirla","Hakimi Raikkonen",NA,NA,"2","6","2-6","2020/2021"
2,"Zoggiathebest99 Team","Hakimi Raikkonen",NA,NA,"4","3","4-3","2020/2021"
19,"Joe Gage FC","Hakimi Raikkonen",NA,NA,"2","4","2-4","2020/2021"
34,"Aston Pirla","Hakimi Raikkonen",NA,NA,"4","1","4-1","2020/2021"
6,"Aston Pirla","Hakimi Raikkonen",NA,NA,"1","0","1-0","2020/2021"
6,"Joe Gage FC","Sbocca Juniors",NA,NA,"1","4","1-4","2020/2021"
14,"Aston Pirla","Sbocca Juniors",NA,NA,"4","5","4-5","2020/2021"
17,"Zoggiathebest99 Team","Sbocca Juniors",NA,NA,"3","2","3-2","2020/2021"
21,"Aston Pirla","Sbocca Juniors",NA,NA,"1","0","1-0","2020/2021"
27,"Joe Gage FC","Sbocca Juniors",NA,NA,"4","1","4-1","2020/2021"
31,"Zoggiathebest99 Team","Sbocca Juniors",NA,NA,"1","4","1-4","2020/2021"
3,"Zoggiathebest99 Team","Sbocca Juniors",NA,NA,"2","2","2-2","2020/2021"
32,"Hakimi Raikkonen","Sbocca Juniors",NA,NA,"7","3","7-3","2020/2021"
35,"Aston Pirla","Sbocca Juniors",NA,NA,"1","1","1-1","2020/2021"
24,"Zoggiathebest99 Team","Sbocca Juniors",NA,NA,"4","0","4-0","2020/2021"
34,"Joe Gage FC","Sbocca Juniors",NA,NA,"0","4","0-4","2020/2021"
20,"Joe Gage FC","Sbocca Juniors",NA,NA,"3","1","3-1","2020/2021"
18,"Hakimi Raikkonen","Sbocca Juniors",NA,NA,"4","1","4-1","2020/2021"
11,"Hakimi Raikkonen","Sbocca Juniors",NA,NA,"4","1","4-1","2020/2021"
10,"Zoggiathebest99 Team","Sbocca Juniors",NA,NA,"4","2","4-2","2020/2021"
28,"Aston Pirla","Sbocca Juniors",NA,NA,"2","2","2-2","2020/2021"
13,"Joe Gage FC","Sbocca Juniors",NA,NA,"0","0","0-0","2020/2021"
7,"Aston Pirla","Sbocca Juniors",NA,NA,"2","6","2-6","2020/2021"
4,"Hakimi Raikkonen","Sbocca Juniors",NA,NA,"4","0","4-0","2020/2021"
25,"Hakimi Raikkonen","Sbocca Juniors",NA,NA,"0","0","0-0","2020/2021"
32,"Zoggiathebest99 Team","Joe Gage FC",NA,NA,"0","5","0-5","2020/2021"
18,"Zoggiathebest99 Team","Joe Gage FC",NA,NA,"0","1","0-1","2020/2021"
15,"Aston Pirla","Joe Gage FC",NA,NA,"1","0","1-0","2020/2021"
4,"Zoggiathebest99 Team","Joe Gage FC",NA,NA,"1","3","1-3","2020/2021"
29,"Aston Pirla","Joe Gage FC",NA,NA,"1","1","1-1","2020/2021"
25,"Zoggiathebest99 Team","Joe Gage FC",NA,NA,"1","0","1-0","2020/2021"
1,"Aston Pirla","Joe Gage FC",NA,NA,"2","5","2-5","2020/2021"
8,"Aston Pirla","Joe Gage FC",NA,NA,"0","1","0-1","2020/2021"
22,"Aston Pirla","Joe Gage FC",NA,NA,"3","0","3-0","2020/2021"
11,"Zoggiathebest99 Team","Joe Gage FC",NA,NA,"1","4","1-4","2020/2021"
10,"Aston Pirla","MVPippe",NA,NA,"2","2","2-2","2020/2021"
35,"Hakimi Raikkonen","MVPippe",NA,NA,"2","3","2-3","2020/2021"
6,"Zoggiathebest99 Team","MVPippe",NA,NA,"3","1","3-1","2020/2021"
20,"Zoggiathebest99 Team","MVPippe",NA,NA,"3","1","3-1","2020/2021"
7,"Hakimi Raikkonen","MVPippe",NA,NA,"1","1","1-1","2020/2021"
22,"Sbocca Juniors","MVPippe",NA,NA,"3","2","3-2","2020/2021"
9,"Joe Gage FC","MVPippe",NA,NA,"1","3","1-3","2020/2021"
3,"Aston Pirla","MVPippe",NA,NA,"4","1","4-1","2020/2021"
23,"Joe Gage FC","MVPippe",NA,NA,"2","2","2-2","2020/2021"
24,"Aston Pirla","MVPippe",NA,NA,"1","3","1-3","2020/2021"
2,"Joe Gage FC","MVPippe",NA,NA,"4","4","4-4","2020/2021"
32,"Fanta Figa","MVPippe",NA,NA,"4","2","4-2","2020/2021"
25,"Fanta Figa","MVPippe",NA,NA,"3","1","3-1","2020/2021"
28,"Hakimi Raikkonen","MVPippe",NA,NA,"0","3","0-3","2020/2021"
14,"Hakimi Raikkonen","MVPippe",NA,NA,"3","2","3-2","2020/2021"
30,"Joe Gage FC","MVPippe",NA,NA,"2","1","2-1","2020/2021"
21,"Hakimi Raikkonen","MVPippe",NA,NA,"3","3","3-3","2020/2021"
8,"Sbocca Juniors","MVPippe",NA,NA,"3","3","3-3","2020/2021"
13,"Zoggiathebest99 Team","MVPippe",NA,NA,"2","0","2-0","2020/2021"
4,"Fanta Figa","MVPippe",NA,NA,"1","1","1-1","2020/2021"
29,"Sbocca Juniors","MVPippe",NA,NA,"5","4","5-4","2020/2021"
31,"Aston Pirla","MVPippe",NA,NA,"1","1","1-1","2020/2021"
18,"Fanta Figa","MVPippe",NA,NA,"2","1","2-1","2020/2021"
27,"Zoggiathebest99 Team","MVPippe",NA,NA,"2","2","2-2","2020/2021"
11,"Fanta Figa","MVPippe",NA,NA,"4","2","4-2","2020/2021"
17,"Aston Pirla","MVPippe",NA,NA,"1","4","1-4","2020/2021"
34,"Zoggiathebest99 Team","MVPippe",NA,NA,"2","0","2-0","2020/2021"
1,"Sbocca Juniors","MVPippe",NA,NA,"0","6","0-6","2020/2021"
15,"Sbocca Juniors","MVPippe",NA,NA,"4","3","4-3","2020/2021"
16,"Joe Gage FC","MVPippe",NA,NA,"3","2","3-2","2020/2021"
10,"Joe Gage FC","Bayer Leverdure",NA,NA,"1","3","1-3","2020/2021"
32,"Aston Pirla","Bayer Leverdure",NA,NA,"1","1","1-1","2020/2021"
11,"Aston Pirla","Bayer Leverdure",NA,NA,"1","2","1-2","2020/2021"
8,"Hakimi Raikkonen","Bayer Leverdure",NA,NA,"2","4","2-4","2020/2021"
23,"Sbocca Juniors","Bayer Leverdure",NA,NA,"3","0","3-0","2020/2021"
31,"Joe Gage FC","Bayer Leverdure",NA,NA,"2","2","2-2","2020/2021"
14,"Zoggiathebest99 Team","Bayer Leverdure",NA,NA,"3","4","3-4","2020/2021"
22,"Hakimi Raikkonen","Bayer Leverdure",NA,NA,"3","2","3-2","2020/2021"
4,"Aston Pirla","Bayer Leverdure",NA,NA,"1","1","1-1","2020/2021"
26,"MVPippe","Bayer Leverdure",NA,NA,"2","2","2-2","2020/2021"
1,"Hakimi Raikkonen","Bayer Leverdure",NA,NA,"5","1","5-1","2020/2021"
17,"Joe Gage FC","Bayer Leverdure",NA,NA,"3","1","3-1","2020/2021"
30,"Sbocca Juniors","Bayer Leverdure",NA,NA,"3","2","3-2","2020/2021"
25,"Aston Pirla","Bayer Leverdure",NA,NA,"1","2","1-2","2020/2021"
29,"Hakimi Raikkonen","Bayer Leverdure",NA,NA,"3","3","3-3","2020/2021"
24,"Joe Gage FC","Bayer Leverdure",NA,NA,"1","5","1-5","2020/2021"
18,"Aston Pirla","Bayer Leverdure",NA,NA,"0","6","0-6","2020/2021"
21,"Zoggiathebest99 Team","Bayer Leverdure",NA,NA,"3","2","3-2","2020/2021"
5,"MVPippe","Bayer Leverdure",NA,NA,"2","4","2-4","2020/2021"
20,"Fanta Figa","Bayer Leverdure",NA,NA,"3","4","3-4","2020/2021"
28,"Zoggiathebest99 Team","Bayer Leverdure",NA,NA,"0","3","0-3","2020/2021"
15,"Hakimi Raikkonen","Bayer Leverdure",NA,NA,"2","4","2-4","2020/2021"
2,"Sbocca Juniors","Bayer Leverdure",NA,NA,"3","0","3-0","2020/2021"
3,"Joe Gage FC","Bayer Leverdure",NA,NA,"0","6","0-6","2020/2021"
7,"Zoggiathebest99 Team","Bayer Leverdure",NA,NA,"4","0","4-0","2020/2021"
16,"Sbocca Juniors","Bayer Leverdure",NA,NA,"4","3","4-3","2020/2021"
27,"Fanta Figa","Bayer Leverdure",NA,NA,"3","1","3-1","2020/2021"
6,"Fanta Figa","Bayer Leverdure",NA,NA,"0","1","0-1","2020/2021"
12,"MVPippe","Bayer Leverdure",NA,NA,"3","3","3-3","2020/2021"
19,"MVPippe","Bayer Leverdure",NA,NA,"4","0","4-0","2020/2021"
33,"MVPippe","Bayer Leverdure",NA,NA,"5","2","5-2","2020/2021"
35,"Zoggiathebest99 Team","Bayer Leverdure",NA,NA,"0","0","0-0","2020/2021"
9,"Sbocca Juniors","Bayer Leverdure",NA,NA,"3","0","3-0","2020/2021"
13,"Fanta Figa","Bayer Leverdure",NA,NA,"5","1","5-1","2020/2021"
34,"Fanta Figa","Bayer Leverdure",NA,NA,"3","0","3-0","2020/2021"
33,"Aston Pirla","Zoggiathebest99 Team",NA,NA,"3","1","3-1","2020/2021"
26,"Aston Pirla","Zoggiathebest99 Team",NA,NA,"1","4","1-4","2020/2021"
12,"Aston Pirla","Zoggiathebest99 Team",NA,NA,"2","1","2-1","2020/2021"
5,"Aston Pirla","Zoggiathebest99 Team",NA,NA,"3","2","3-2","2020/2021"
19,"Aston Pirla","Zoggiathebest99 Team",NA,NA,"0","7","0-7","2020/2021"
22,"Joe Gage FC","SS FelLazio",NA,NA,"0","3","0-3","2021/2022"
12,"Aston Pirla","SS FelLazio",NA,NA,"3","2","3-2","2021/2022"
16,"Zoggiathebest99 Team","SS FelLazio",NA,NA,"7","3","7-3","2021/2022"
30,"Aston Pirla","SS FelLazio",NA,NA,"0","2","0-2","2021/2022"
21,"Aston Pirla","SS FelLazio",NA,NA,"1","0","1-0","2021/2022"
27,"Stame Vecino Utd","SS FelLazio",NA,NA,"1","2","1-2","2021/2022"
36,"Stame Vecino Utd","SS FelLazio",NA,NA,"2","0","2-0","2021/2022"
7,"Zoggiathebest99 Team","SS FelLazio",NA,NA,"1","2","1-2","2021/2022"
13,"Joe Gage FC","SS FelLazio",NA,NA,"1","2","1-2","2021/2022"
3,"Aston Pirla","SS FelLazio",NA,NA,"3","1","3-1","2021/2022"
23,"Sbocca Juniors","SS FelLazio",NA,NA,"2","2","2-2","2021/2022"
25,"Zoggiathebest99 Team","SS FelLazio",NA,NA,"0","1","0-1","2021/2022"
9,"Stame Vecino Utd","SS FelLazio",NA,NA,"2","0","2-0","2021/2022"
4,"Joe Gage FC","SS FelLazio",NA,NA,"1","3","1-3","2021/2022"
31,"Joe Gage FC","SS FelLazio",NA,NA,"0","2","0-2","2021/2022"
18,"Stame Vecino Utd","SS FelLazio",NA,NA,"1","1","1-1","2021/2022"
5,"Sbocca Juniors","SS FelLazio",NA,NA,"0","1","0-1","2021/2022"
32,"Sbocca Juniors","SS FelLazio",NA,NA,"0","2","0-2","2021/2022"
34,"Zoggiathebest99 Team","SS FelLazio",NA,NA,"0","2","0-2","2021/2022"
14,"Sbocca Juniors","SS FelLazio",NA,NA,"5","3","5-3","2021/2022"
20,"Aston Pirla","Joe Gage FC",NA,NA,"4","2","4-2","2021/2022"
28,"Zoggiathebest99 Team","Joe Gage FC",NA,NA,"2","0","2-0","2021/2022"
19,"Zoggiathebest99 Team","Joe Gage FC",NA,NA,"4","2","4-2","2021/2022"
2,"Aston Pirla","Joe Gage FC",NA,NA,"3","1","3-1","2021/2022"
11,"Aston Pirla","Joe Gage FC",NA,NA,"1","1","1-1","2021/2022"
1,"Zoggiathebest99 Team","Joe Gage FC",NA,NA,"0","2","0-2","2021/2022"
29,"Aston Pirla","Joe Gage FC",NA,NA,"2","0","2-0","2021/2022"
10,"Zoggiathebest99 Team","Joe Gage FC",NA,NA,"1","3","1-3","2021/2022"
32,"Zoggiathebest99 Team","Patatinaikos",NA,NA,"1","1","1-1","2021/2022"
11,"SS FelLazio","Patatinaikos",NA,NA,"1","1","1-1","2021/2022"
2,"SS FelLazio","Patatinaikos",NA,NA,"4","3","4-3","2021/2022"
29,"SS FelLazio","Patatinaikos",NA,NA,"2","0","2-0","2021/2022"
28,"Aston Pirla","Patatinaikos",NA,NA,"2","0","2-0","2021/2022"
9,"Joe Gage FC","Patatinaikos",NA,NA,"0","0","0-0","2021/2022"
5,"Zoggiathebest99 Team","Patatinaikos",NA,NA,"1","0","1-0","2021/2022"
21,"Sbocca Juniors","Patatinaikos",NA,NA,"0","3","0-3","2021/2022"
23,"Zoggiathebest99 Team","Patatinaikos",NA,NA,"2","2","2-2","2021/2022"
18,"Joe Gage FC","Patatinaikos",NA,NA,"2","0","2-0","2021/2022"
27,"Joe Gage FC","Patatinaikos",NA,NA,"0","0","0-0","2021/2022"
19,"Aston Pirla","Patatinaikos",NA,NA,"0","0","0-0","2021/2022"
1,"Aston Pirla","Patatinaikos",NA,NA,"4","3","4-3","2021/2022"
7,"Stame Vecino Utd","Patatinaikos",NA,NA,"0","3","0-3","2021/2022"
34,"Stame Vecino Utd","Patatinaikos",NA,NA,"0","2","0-2","2021/2022"
30,"Sbocca Juniors","Patatinaikos",NA,NA,"2","0","2-0","2021/2022"
12,"Sbocca Juniors","Patatinaikos",NA,NA,"0","0","0-0","2021/2022"
16,"Stame Vecino Utd","Patatinaikos",NA,NA,"3","0","3-0","2021/2022"
10,"Aston Pirla","Patatinaikos",NA,NA,"0","1","0-1","2021/2022"
3,"Sbocca Juniors","Patatinaikos",NA,NA,"1","3","1-3","2021/2022"
25,"Stame Vecino Utd","Patatinaikos",NA,NA,"0","1","0-1","2021/2022"
20,"SS FelLazio","Patatinaikos",NA,NA,"0","1","0-1","2021/2022"
36,"Joe Gage FC","Patatinaikos",NA,NA,"1","1","1-1","2021/2022"
14,"Zoggiathebest99 Team","Patatinaikos",NA,NA,"4","3","4-3","2021/2022"
22,"Stame Vecino Utd","HERTA VERNELLO",NA,NA,"0","0","0-0","2021/2022"
20,"Zoggiathebest99 Team","HERTA VERNELLO",NA,NA,"2","6","2-6","2021/2022"
26,"SS FelLazio","HERTA VERNELLO",NA,NA,"4","4","4-4","2021/2022"
13,"Stame Vecino Utd","HERTA VERNELLO",NA,NA,"5","3","5-3","2021/2022"
21,"Joe Gage FC","HERTA VERNELLO",NA,NA,"2","0","2-0","2021/2022"
6,"Patatinaikos","HERTA VERNELLO",NA,NA,"1","3","1-3","2021/2022"
9,"Sbocca Juniors","HERTA VERNELLO",NA,NA,"3","2","3-2","2021/2022"
17,"SS FelLazio","HERTA VERNELLO",NA,NA,"0","2","0-2","2021/2022"
35,"SS FelLazio","HERTA VERNELLO",NA,NA,"2","0","2-0","2021/2022"
12,"Joe Gage FC","HERTA VERNELLO",NA,NA,"0","0","0-0","2021/2022"
29,"Zoggiathebest99 Team","HERTA VERNELLO",NA,NA,"0","2","0-2","2021/2022"
25,"Aston Pirla","HERTA VERNELLO",NA,NA,"1","2","1-2","2021/2022"
27,"Sbocca Juniors","HERTA VERNELLO",NA,NA,"2","4","2-4","2021/2022"
34,"Aston Pirla","HERTA VERNELLO",NA,NA,"0","2","0-2","2021/2022"
18,"Sbocca Juniors","HERTA VERNELLO",NA,NA,"1","1","1-1","2021/2022"
11,"Zoggiathebest99 Team","HERTA VERNELLO",NA,NA,"2","0","2-0","2021/2022"
2,"Zoggiathebest99 Team","HERTA VERNELLO",NA,NA,"3","3","3-3","2021/2022"
16,"Aston Pirla","HERTA VERNELLO",NA,NA,"2","5","2-5","2021/2022"
8,"SS FelLazio","HERTA VERNELLO",NA,NA,"2","3","2-3","2021/2022"
31,"Stame Vecino Utd","HERTA VERNELLO",NA,NA,"0","2","0-2","2021/2022"
15,"Patatinaikos","HERTA VERNELLO",NA,NA,"2","0","2-0","2021/2022"
36,"Sbocca Juniors","HERTA VERNELLO",NA,NA,"0","2","0-2","2021/2022"
30,"Joe Gage FC","HERTA VERNELLO",NA,NA,"0","2","0-2","2021/2022"
33,"Patatinaikos","HERTA VERNELLO",NA,NA,"0","2","0-2","2021/2022"
3,"Joe Gage FC","HERTA VERNELLO",NA,NA,"1","3","1-3","2021/2022"
7,"Aston Pirla","HERTA VERNELLO",NA,NA,"2","2","2-2","2021/2022"
4,"Stame Vecino Utd","HERTA VERNELLO",NA,NA,"1","3","1-3","2021/2022"
24,"Patatinaikos","HERTA VERNELLO",NA,NA,"2","2","2-2","2021/2022"
25,"Joe Gage FC","Bayer Leverdure",NA,NA,"2","3","2-3","2021/2022"
16,"Joe Gage FC","Bayer Leverdure",NA,NA,"0","1","0-1","2021/2022"
28,"SS FelLazio","Bayer Leverdure",NA,NA,"2","0","2-0","2021/2022"
14,"HERTA VERNELLO","Bayer Leverdure",NA,NA,"4","0","4-0","2021/2022"
23,"HERTA VERNELLO","Bayer Leverdure",NA,NA,"3","2","3-2","2021/2022"
4,"Zoggiathebest99 Team","Bayer Leverdure",NA,NA,"2","5","2-5","2021/2022"
20,"Sbocca Juniors","Bayer Leverdure",NA,NA,"6","0","6-0","2021/2022"
35,"Patatinaikos","Bayer Leverdure",NA,NA,"0","2","0-2","2021/2022"
22,"Zoggiathebest99 Team","Bayer Leverdure",NA,NA,"2","1","2-1","2021/2022"
13,"Zoggiathebest99 Team","Bayer Leverdure",NA,NA,"1","0","1-0","2021/2022"
2,"Sbocca Juniors","Bayer Leverdure",NA,NA,"1","3","1-3","2021/2022"
32,"HERTA VERNELLO","Bayer Leverdure",NA,NA,"2","0","2-0","2021/2022"
10,"SS FelLazio","Bayer Leverdure",NA,NA,"0","0","0-0","2021/2022"
6,"Stame Vecino Utd","Bayer Leverdure",NA,NA,"0","0","0-0","2021/2022"
11,"Sbocca Juniors","Bayer Leverdure",NA,NA,"10","1","10-1","2021/2022"
31,"Zoggiathebest99 Team","Bayer Leverdure",NA,NA,"0","2","0-2","2021/2022"
34,"Joe Gage FC","Bayer Leverdure",NA,NA,"2","0","2-0","2021/2022"
24,"Stame Vecino Utd","Bayer Leverdure",NA,NA,"0","2","0-2","2021/2022"
19,"SS FelLazio","Bayer Leverdure",NA,NA,"2","4","2-4","2021/2022"
29,"Sbocca Juniors","Bayer Leverdure",NA,NA,"1","1","1-1","2021/2022"
15,"Stame Vecino Utd","Bayer Leverdure",NA,NA,"2","3","2-3","2021/2022"
27,"Aston Pirla","Bayer Leverdure",NA,NA,"2","1","2-1","2021/2022"
7,"Joe Gage FC","Bayer Leverdure",NA,NA,"2","0","2-0","2021/2022"
26,"Patatinaikos","Bayer Leverdure",NA,NA,"1","0","1-0","2021/2022"
9,"Aston Pirla","Bayer Leverdure",NA,NA,"5","0","5-0","2021/2022"
18,"Aston Pirla","Bayer Leverdure",NA,NA,"2","0","2-0","2021/2022"
33,"Stame Vecino Utd","Bayer Leverdure",NA,NA,"0","2","0-2","2021/2022"
1,"SS FelLazio","Bayer Leverdure",NA,NA,"2","1","2-1","2021/2022"
5,"HERTA VERNELLO","Bayer Leverdure",NA,NA,"1","2","1-2","2021/2022"
36,"Aston Pirla","Bayer Leverdure",NA,NA,"2","0","2-0","2021/2022"
8,"Patatinaikos","Bayer Leverdure",NA,NA,"2","3","2-3","2021/2022"
17,"Patatinaikos","Bayer Leverdure",NA,NA,"0","2","0-2","2021/2022"
3,"Zoggiathebest99 Team","Stame Vecino Utd",NA,NA,"4","5","4-5","2021/2022"
8,"Aston Pirla","Stame Vecino Utd",NA,NA,"3","2","3-2","2021/2022"
35,"Aston Pirla","Stame Vecino Utd",NA,NA,"1","1","1-1","2021/2022"
5,"Joe Gage FC","Stame Vecino Utd",NA,NA,"1","2","1-2","2021/2022"
26,"Aston Pirla","Stame Vecino Utd",NA,NA,"4","2","4-2","2021/2022"
21,"Zoggiathebest99 Team","Stame Vecino Utd",NA,NA,"3","4","3-4","2021/2022"
30,"Zoggiathebest99 Team","Stame Vecino Utd",NA,NA,"2","0","2-0","2021/2022"
14,"Joe Gage FC","Stame Vecino Utd",NA,NA,"0","1","0-1","2021/2022"
12,"Zoggiathebest99 Team","Stame Vecino Utd",NA,NA,"3","3","3-3","2021/2022"
23,"Joe Gage FC","Stame Vecino Utd",NA,NA,"0","2","0-2","2021/2022"
32,"Joe Gage FC","Stame Vecino Utd",NA,NA,"2","0","2-0","2021/2022"
17,"Aston Pirla","Stame Vecino Utd",NA,NA,"2","2","2-2","2021/2022"
1,"Stame Vecino Utd","Sbocca Juniors",NA,NA,"1","4","1-4","2021/2022"
13,"Aston Pirla","Sbocca Juniors",NA,NA,"5","4","5-4","2021/2022"
22,"Aston Pirla","Sbocca Juniors",NA,NA,"3","1","3-1","2021/2022"
15,"Joe Gage FC","Sbocca Juniors",NA,NA,"2","3","2-3","2021/2022"
17,"Zoggiathebest99 Team","Sbocca Juniors",NA,NA,"3","1","3-1","2021/2022"
6,"Joe Gage FC","Sbocca Juniors",NA,NA,"2","3","2-3","2021/2022"
24,"Joe Gage FC","Sbocca Juniors",NA,NA,"3","1","3-1","2021/2022"
28,"Stame Vecino Utd","Sbocca Juniors",NA,NA,"2","0","2-0","2021/2022"
26,"Zoggiathebest99 Team","Sbocca Juniors",NA,NA,"5","1","5-1","2021/2022"
35,"Zoggiathebest99 Team","Sbocca Juniors",NA,NA,"0","2","0-2","2021/2022"
33,"Joe Gage FC","Sbocca Juniors",NA,NA,"0","2","0-2","2021/2022"
19,"Stame Vecino Utd","Sbocca Juniors",NA,NA,"2","3","2-3","2021/2022"
4,"Aston Pirla","Sbocca Juniors",NA,NA,"2","3","2-3","2021/2022"
31,"Aston Pirla","Sbocca Juniors",NA,NA,"2","0","2-0","2021/2022"
8,"Zoggiathebest99 Team","Sbocca Juniors",NA,NA,"0","1","0-1","2021/2022"
10,"Stame Vecino Utd","Sbocca Juniors",NA,NA,"2","4","2-4","2021/2022"
17,"Joe Gage FC","Tettenham",NA,NA,"0","2","0-2","2021/2022"
18,"Zoggiathebest99 Team","Tettenham",NA,NA,"2","0","2-0","2021/2022"
24,"SS FelLazio","Tettenham",NA,NA,"0","0","0-0","2021/2022"
34,"Sbocca Juniors","Tettenham",NA,NA,"0","2","0-2","2021/2022"
28,"HERTA VERNELLO","Tettenham",NA,NA,"0","2","0-2","2021/2022"
15,"SS FelLazio","Tettenham",NA,NA,"3","0","3-0","2021/2022"
26,"Joe Gage FC","Tettenham",NA,NA,"2","2","2-2","2021/2022"
25,"Sbocca Juniors","Tettenham",NA,NA,"5","0","5-0","2021/2022"
36,"Zoggiathebest99 Team","Tettenham",NA,NA,"0","2","0-2","2021/2022"
19,"HERTA VERNELLO","Tettenham",NA,NA,"3","5","3-5","2021/2022"
10,"HERTA VERNELLO","Tettenham",NA,NA,"4","3","4-3","2021/2022"
9,"Zoggiathebest99 Team","Tettenham",NA,NA,"1","1","1-1","2021/2022"
7,"Sbocca Juniors","Tettenham",NA,NA,"3","0","3-0","2021/2022"
14,"Aston Pirla","Tettenham",NA,NA,"2","2","2-2","2021/2022"
1,"HERTA VERNELLO","Tettenham",NA,NA,"2","1","2-1","2021/2022"
16,"Sbocca Juniors","Tettenham",NA,NA,"3","2","3-2","2021/2022"
11,"Stame Vecino Utd","Tettenham",NA,NA,"0","3","0-3","2021/2022"
33,"SS FelLazio","Tettenham",NA,NA,"2","0","2-0","2021/2022"
5,"Aston Pirla","Tettenham",NA,NA,"0","5","0-5","2021/2022"
29,"Stame Vecino Utd","Tettenham",NA,NA,"0","2","0-2","2021/2022"
27,"Zoggiathebest99 Team","Tettenham",NA,NA,"2","0","2-0","2021/2022"
12,"Bayer Leverdure","Tettenham",NA,NA,"3","3","3-3","2021/2022"
2,"Stame Vecino Utd","Tettenham",NA,NA,"4","1","4-1","2021/2022"
20,"Stame Vecino Utd","Tettenham",NA,NA,"0","1","0-1","2021/2022"
6,"SS FelLazio","Tettenham",NA,NA,"0","2","0-2","2021/2022"
35,"Joe Gage FC","Tettenham",NA,NA,"1","1","1-1","2021/2022"
8,"Joe Gage FC","Tettenham",NA,NA,"0","2","0-2","2021/2022"
32,"Aston Pirla","Tettenham",NA,NA,"2","0","2-0","2021/2022"
23,"Aston Pirla","Tettenham",NA,NA,"0","2","0-2","2021/2022"
21,"Bayer Leverdure","Tettenham",NA,NA,"2","1","2-1","2021/2022"
22,"Patatinaikos","Tettenham",NA,NA,"4","1","4-1","2021/2022"
30,"Bayer Leverdure","Tettenham",NA,NA,"2","0","2-0","2021/2022"
3,"Bayer Leverdure","Tettenham",NA,NA,"2","3","2-3","2021/2022"
13,"Patatinaikos","Tettenham",NA,NA,"1","0","1-0","2021/2022"
31,"Patatinaikos","Tettenham",NA,NA,"1","1","1-1","2021/2022"
4,"Patatinaikos","Tettenham",NA,NA,"3","3","3-3","2021/2022"
15,"Aston Pirla","Zoggiathebest99 Team",NA,NA,"6","4","6-4","2021/2022"
6,"Aston Pirla","Zoggiathebest99 Team",NA,NA,"1","2","1-2","2021/2022"
24,"Aston Pirla","Zoggiathebest99 Team",NA,NA,"0","1","0-1","2021/2022"
33,"Aston Pirla","Zoggiathebest99 Team",NA,NA,"1","1","1-1","2021/2022"
1,"Bayer Leverdure","Zoggiathebest99 Team",77.5,"65","3","0","3-0","2022/2023"
1,"FC Tigrotto","HERTA VERNELLO",65.5,"67","0","1","0-1","2022/2023"
1,"Sbocca Juniors","Joe Gage FC",72,"73","2","2","2-2","2022/2023"
1,"SS FelLazio","AF Antastica",70,"71.5","2","2","2-2","2022/2023"
1,"Tettenham","Aston Pirla",69.5,"73","1","2","1-2","2022/2023"
2,"HERTA VERNELLO","Bayer Leverdure",59.5,"74","0","3","0-3","2022/2023"
2,"AF Antastica","Tettenham",68.5,"79","1","4","1-4","2022/2023"
2,"Joe Gage FC","SS FelLazio",78.5,"77","4","3","4-3","2022/2023"
2,"Zoggiathebest99 Team","Sbocca Juniors",62,"74","0","3","0-3","2022/2023"
2,"Aston Pirla","FC Tigrotto",74,"65","3","0","3-0","2022/2023"
3,"Bayer Leverdure","Aston Pirla",70,"65.5","2","0","2-0","2022/2023"
3,"FC Tigrotto","AF Antastica",69.5,"67","1","1","1-1","2022/2023"
3,"Sbocca Juniors","HERTA VERNELLO",67,"74.5","1","3","1-3","2022/2023"
3,"Zoggiathebest99 Team","Joe Gage FC",67,"58","1","0","1-0","2022/2023"
3,"Tettenham","SS FelLazio",67.5,"63.5","1","0","1-0","2022/2023"
4,"HERTA VERNELLO","Zoggiathebest99 Team",71.5,"74.5","2","3","2-3","2022/2023"
4,"SS FelLazio","FC Tigrotto",80,"67.5","4","1","4-1","2022/2023"
4,"AF Antastica","Bayer Leverdure",69.5,"69","1","1","1-1","2022/2023"
4,"Joe Gage FC","Tettenham",73.5,"67","2","1","2-1","2022/2023"
4,"Aston Pirla","Sbocca Juniors",66.5,"88.5","1","6","1-6","2022/2023"
5,"Bayer Leverdure","SS FelLazio",72.5,"71.5","2","2","2-2","2022/2023"
5,"FC Tigrotto","Tettenham",79.5,"67.5","4","1","4-1","2022/2023"
5,"HERTA VERNELLO","Joe Gage FC",84,"69.5","5","1","5-1","2022/2023"
5,"Sbocca Juniors","AF Antastica",66.5,"72.5","1","2","1-2","2022/2023"
5,"Zoggiathebest99 Team","Aston Pirla",69.5,"70.5","1","2","1-2","2022/2023"
6,"SS FelLazio","Sbocca Juniors",77.5,"66.5","3","1","3-1","2022/2023"
6,"AF Antastica","Zoggiathebest99 Team",69,"78.5","1","4","1-4","2022/2023"
6,"Joe Gage FC","FC Tigrotto",69.5,"79.5","1","4","1-4","2022/2023"
6,"Aston Pirla","HERTA VERNELLO",70.5,"70.5","2","2","2-2","2022/2023"
6,"Tettenham","Bayer Leverdure",69.5,"66.5","1","1","1-1","2022/2023"
7,"Bayer Leverdure","FC Tigrotto",72,"74","2","3","2-3","2022/2023"
7,"HERTA VERNELLO","AF Antastica",65.5,"70","0","2","0-2","2022/2023"
7,"Sbocca Juniors","Tettenham",66,"90.5","1","7","1-7","2022/2023"
7,"Zoggiathebest99 Team","SS FelLazio",83.5,"67","5","1","5-1","2022/2023"
7,"Aston Pirla","Joe Gage FC",78.5,"74.5","4","3","4-3","2022/2023"
8,"Bayer Leverdure","Joe Gage FC",62.5,"71.5","0","2","0-2","2022/2023"
8,"FC Tigrotto","Sbocca Juniors",76,"65.5","3","0","3-0","2022/2023"
8,"SS FelLazio","HERTA VERNELLO",67.5,"61","1","0","1-0","2022/2023"
8,"AF Antastica","Aston Pirla",72,"67","2","1","2-1","2022/2023"
8,"Tettenham","Zoggiathebest99 Team",69,"71","1","2","1-2","2022/2023"
9,"HERTA VERNELLO","Tettenham",65,"68.5","0","1","0-1","2022/2023"
9,"Sbocca Juniors","Bayer Leverdure",68.5,"65.5","1","0","1-0","2022/2023"
9,"Joe Gage FC","AF Antastica",78.5,"65.5","4","0","4-0","2022/2023"
9,"Zoggiathebest99 Team","FC Tigrotto",60.5,"72","0","2","0-2","2022/2023"
9,"Aston Pirla","SS FelLazio",74,"70","3","2","3-2","2022/2023"
10,"Bayer Leverdure","HERTA VERNELLO",67.5,"57","1","0","1-0","2022/2023"
10,"FC Tigrotto","SS FelLazio",67,"70","1","2","1-2","2022/2023"
10,"Joe Gage FC","Aston Pirla",75.5,"65.5","3","0","3-0","2022/2023"
10,"Zoggiathebest99 Team","AF Antastica",82,"76","5","3","5-3","2022/2023"
10,"Tettenham","Sbocca Juniors",64.5,"79.5","0","4","0-4","2022/2023"
11,"HERTA VERNELLO","FC Tigrotto",68,"74.5","1","3","1-3","2022/2023"
11,"Sbocca Juniors","Zoggiathebest99 Team",68,"65","1","0","1-0","2022/2023"
11,"Aston Pirla","Tettenham",73.5,"61.5","2","0","2-0","2022/2023"
11,"AF Antastica","Joe Gage FC",69.5,"68.5","1","1","1-1","2022/2023"
11,"SS FelLazio","Bayer Leverdure",81,"62.5","4","0","4-0","2022/2023"
12,"Tettenham","HERTA VERNELLO",64.5,"68","0","1","0-1","2022/2023"
12,"Zoggiathebest99 Team","Bayer Leverdure",72,"71","2","2","2-2","2022/2023"
12,"FC Tigrotto","Joe Gage FC",77,"66","3","1","3-1","2022/2023"
12,"SS FelLazio","Aston Pirla",67,"74","1","3","1-3","2022/2023"
12,"AF Antastica","Sbocca Juniors",71.5,"70","2","2","2-2","2022/2023"
13,"Tettenham","FC Tigrotto",74,"65.5","3","0","3-0","2022/2023"
13,"Joe Gage FC","HERTA VERNELLO",74.5,"63.5","3","0","3-0","2022/2023"
13,"Bayer Leverdure","AF Antastica",58,"72.5","0","2","0-2","2022/2023"
13,"Sbocca Juniors","SS FelLazio",68,"66.5","1","1","1-1","2022/2023"
13,"Aston Pirla","Zoggiathebest99 Team",67.5,"64","1","0","1-0","2022/2023"
14,"Bayer Leverdure","Tettenham",71,"65.5","2","0","2-0","2022/2023"
14,"FC Tigrotto","Aston Pirla",87,"62","6","0","6-0","2022/2023"
14,"AF Antastica","SS FelLazio",79,"69.5","4","1","4-1","2022/2023"
14,"Joe Gage FC","Zoggiathebest99 Team",82.5,"62.5","5","0","5-0","2022/2023"
14,"HERTA VERNELLO","Sbocca Juniors",65,"69.5","0","1","0-1","2022/2023"
15,"Zoggiathebest99 Team","Tettenham",67.5,"71.5","1","2","1-2","2022/2023"
15,"Aston Pirla","Bayer Leverdure",68,"61","1","0","1-0","2022/2023"
15,"Sbocca Juniors","FC Tigrotto",80,"71.5","4","2","4-2","2022/2023"
15,"SS FelLazio","Joe Gage FC",75,"75.5","3","3","3-3","2022/2023"
15,"AF Antastica","HERTA VERNELLO",63,"57.5","0","0","0-0","2022/2023"
16,"Tettenham","AF Antastica",72,"79","2","4","2-4","2022/2023"
16,"SS FelLazio","Zoggiathebest99 Team",71,"69","2","1","2-1","2022/2023"
16,"FC Tigrotto","Bayer Leverdure",78,"61","4","0","4-0","2022/2023"
16,"Joe Gage FC","Sbocca Juniors",83.5,"66.5","5","1","5-1","2022/2023"
16,"HERTA VERNELLO","Aston Pirla",74,"57.5","3","0","3-0","2022/2023"
17,"Bayer Leverdure","Sbocca Juniors",60.5,"66","0","1","0-1","2022/2023"
17,"FC Tigrotto","Zoggiathebest99 Team",77,"66","3","1","3-1","2022/2023"
17,"HERTA VERNELLO","SS FelLazio",58,"75","0","3","0-3","2022/2023"
17,"Aston Pirla","AF Antastica",78.5,"77","4","3","4-3","2022/2023"
17,"Tettenham","Joe Gage FC",77.5,"66","3","1","3-1","2022/2023"
18,"Sbocca Juniors","Aston Pirla",67.5,"63","1","0","1-0","2022/2023"
18,"SS FelLazio","Tettenham",49,"72","0","2","0-2","2022/2023"
18,"AF Antastica","FC Tigrotto",63.5,"72","0","2","0-2","2022/2023"
18,"Joe Gage FC","Bayer Leverdure",62.5,"46","0","0","0-0","2022/2023"
18,"Zoggiathebest99 Team","HERTA VERNELLO",66.5,"70.5","1","2","1-2","2022/2023"
19,"SS FelLazio","Aston Pirla",63,"77","0","3","0-3","2022/2023"
19,"FC Tigrotto","HERTA VERNELLO",75,"76.5","3","3","3-3","2022/2023"
19,"Bayer Leverdure","AF Antastica",67,"73","1","2","1-2","2022/2023"
19,"Tettenham","Zoggiathebest99 Team",74.5,"72.5","3","2","3-2","2022/2023"
19,"Joe Gage FC","Sbocca Juniors",66,"70","1","2","1-2","2022/2023"
20,"HERTA VERNELLO","SS FelLazio",64,"67","0","1","0-1","2022/2023"
20,"Zoggiathebest99 Team","Joe Gage FC",68.5,"71.5","1","2","1-2","2022/2023"
20,"AF Antastica","Tettenham",72,"75","2","3","2-3","2022/2023"
20,"Aston Pirla","Bayer Leverdure",76,"72.5","3","2","3-2","2022/2023"
20,"Sbocca Juniors","FC Tigrotto",68,"78.5","1","4","1-4","2022/2023"
21,"SS FelLazio","Sbocca Juniors",68.5,"73.5","1","2","1-2","2022/2023"
21,"FC Tigrotto","Zoggiathebest99 Team",68,"74","1","3","1-3","2022/2023"
21,"Bayer Leverdure","HERTA VERNELLO",62,"65.5","0","0","0-0","2022/2023"
21,"Aston Pirla","AF Antastica",64.5,"74.5","0","3","0-3","2022/2023"
21,"Joe Gage FC","Tettenham",62.5,"75","0","3","0-3","2022/2023"
22,"HERTA VERNELLO","Aston Pirla",70.5,"82","2","5","2-5","2022/2023"
22,"Tettenham","FC Tigrotto",71.5,"69","2","1","2-1","2022/2023"
22,"Zoggiathebest99 Team","SS FelLazio",0,"0","0","0","0-0","2022/2023"
22,"AF Antastica","Joe Gage FC",89,"59","6","0","6-0","2022/2023"
22,"Sbocca Juniors","Bayer Leverdure",71,"66.5","2","1","2-1","2022/2023"
23,"SS FelLazio","Tettenham",63.5,"74","0","3","0-3","2022/2023"
23,"FC Tigrotto","Joe Gage FC",78,"72.5","4","2","4-2","2022/2023"
23,"HERTA VERNELLO","AF Antastica",68.5,"79.5","1","4","1-4","2022/2023"
23,"Bayer Leverdure","Zoggiathebest99 Team",66.5,"64","1","0","1-0","2022/2023"
23,"Aston Pirla","Sbocca Juniors",68,"69","1","1","1-1","2022/2023"
24,"Tettenham","Bayer Leverdure",65,"83.5","0","5","0-5","2022/2023"
24,"Zoggiathebest99 Team","Aston Pirla",62.5,"69.5","0","1","0-1","2022/2023"
24,"AF Antastica","FC Tigrotto",56.5,"63","0","0","0-0","2022/2023"
24,"Sbocca Juniors","HERTA VERNELLO",76.5,"76.5","3","3","3-3","2022/2023"
24,"Joe Gage FC","SS FelLazio",63,"81","0","4","0-4","2022/2023"
25,"SS FelLazio","FC Tigrotto",71.5,"82","2","5","2-5","2022/2023"
25,"HERTA VERNELLO","Zoggiathebest99 Team",64.5,"67.5","0","1","0-1","2022/2023"
25,"Bayer Leverdure","Joe Gage FC",64,"68","0","1","0-1","2022/2023"
25,"Aston Pirla","Tettenham",66,"61","1","0","1-0","2022/2023"
25,"Sbocca Juniors","AF Antastica",69,"72","1","2","1-2","2022/2023"
26,"SS FelLazio","AF Antastica",65.5,"68.5","0","1","0-1","2022/2023"
26,"FC Tigrotto","Bayer Leverdure",72,"62","2","0","2-0","2022/2023"
26,"Tettenham","HERTA VERNELLO",65.5,"72.5","0","2","0-2","2022/2023"
26,"Zoggiathebest99 Team","Sbocca Juniors",64,"70","0","2","0-2","2022/2023"
26,"Joe Gage FC","Aston Pirla",77.5,"63.5","3","0","3-0","2022/2023"
27,"HERTA VERNELLO","Joe Gage FC",64.5,"68","0","1","0-1","2022/2023"
27,"Bayer Leverdure","SS FelLazio",78.5,"64","4","0","4-0","2022/2023"
27,"AF Antastica","Zoggiathebest99 Team",69,"73","1","2","1-2","2022/2023"
27,"Aston Pirla","FC Tigrotto",65.5,"71","0","2","0-2","2022/2023"
27,"Sbocca Juniors","Tettenham",68.5,"67","1","1","1-1","2022/2023"
28,"SS FelLazio","HERTA VERNELLO",66.5,"76.5","1","3","1-3","2022/2023"
28,"FC Tigrotto","Tettenham",65,"68.5","0","1","0-1","2022/2023"
28,"AF Antastica","Sbocca Juniors",75,"73","3","2","3-2","2022/2023"
28,"Aston Pirla","Zoggiathebest99 Team",59.5,"73","0","2","0-2","2022/2023"
28,"Joe Gage FC","Bayer Leverdure",76.5,"65.5","3","0","3-0","2022/2023"
29,"HERTA VERNELLO","FC Tigrotto",74.5,"87","3","6","3-6","2022/2023"
29,"Bayer Leverdure","Aston Pirla",68,"61.5","1","0","1-0","2022/2023"
29,"Sbocca Juniors","Joe Gage FC",79.5,"79","4","4","4-4","2022/2023"
29,"Zoggiathebest99 Team","AF Antastica",56,"76","0","3","0-3","2022/2023"
29,"Tettenham","SS FelLazio",70,"71","2","2","2-2","2022/2023"
30,"Joe Gage FC","HERTA VERNELLO",68,"62","1","0","1-0","2022/2023"
30,"Aston Pirla","SS FelLazio",65,"61.5","0","0","0-0","2022/2023"
30,"FC Tigrotto","AF Antastica",67.5,"71","1","2","1-2","2022/2023"
30,"Tettenham","Sbocca Juniors",75.5,"67.5","3","1","3-1","2022/2023"
30,"Zoggiathebest99 Team","Bayer Leverdure",76,"69.5","3","1","3-1","2022/2023"
31,"Joe Gage FC","FC Tigrotto",72.5,"61.5","2","0","2-0","2022/2023"
31,"AF Antastica","HERTA VERNELLO",62.5,"69","0","1","0-1","2022/2023"
31,"SS FelLazio","Zoggiathebest99 Team",66.5,"73","1","2","1-2","2022/2023"
31,"Bayer Leverdure","Tettenham",66.5,"71","1","2","1-2","2022/2023"
31,"Sbocca Juniors","Aston Pirla",66,"64.5","1","0","1-0","2022/2023"
32,"SS FelLazio","Joe Gage FC",64,"66","0","1","0-1","2022/2023"
32,"FC Tigrotto","Sbocca Juniors",78,"68","4","1","4-1","2022/2023"
32,"Zoggiathebest99 Team","Tettenham",72.5,"84.5","2","5","2-5","2022/2023"
32,"AF Antastica","Aston Pirla",74.5,"67.5","3","1","3-1","2022/2023"
32,"HERTA VERNELLO","Bayer Leverdure",93.5,"70.5","7","2","7-2","2022/2023"
33,"Aston Pirla","Joe Gage FC",63.5,"74","0","3","0-3","2022/2023"
33,"Sbocca Juniors","SS FelLazio",74.5,"64.5","3","0","3-0","2022/2023"
33,"Bayer Leverdure","FC Tigrotto",69.5,"77.5","1","3","1-3","2022/2023"
33,"Tettenham","AF Antastica",71,"69.5","2","1","2-1","2022/2023"
33,"Zoggiathebest99 Team","HERTA VERNELLO",71.5,"71","2","2","2-2","2022/2023"
34,"Joe Gage FC","Zoggiathebest99 Team",63,"71.5","0","2","0-2","2022/2023"
34,"Tettenham","Aston Pirla",70,"72.5","2","2","2-2","2022/2023"
34,"FC Tigrotto","SS FelLazio",91,"63.5","7","0","7-0","2022/2023"
34,"AF Antastica","Bayer Leverdure",69.5,"76.5","1","3","1-3","2022/2023"
34,"HERTA VERNELLO","Sbocca Juniors",77,"71.5","3","2","3-2","2022/2023"
1,"Fc Scrotone","Sbocca Juniors",77.5,"0","3","0","3-0","2023/2024"
1,"Tettenham","Al Bacaro",63,"62","0","0","0-0","2023/2024"
1,"Joe Gage FC","FC Tigrotto",73,"67","2","1","2-1","2023/2024"
1,"Herta Vernello","Zoggiathebest99 Team",71,"68.5","2","1","2-1","2023/2024"
1,"Aston Pirla","AF Antastica",72.5,"82","2","5","2-5","2023/2024"
2,"Al Bacaro","Fc Scrotone",70.5,"80","2","4","2-4","2023/2024"
2,"Zoggiathebest99 Team","Aston Pirla",68,"65","1","0","1-0","2023/2024"
2,"FC Tigrotto","Herta Vernello",73.5,"69.5","2","1","2-1","2023/2024"
2,"Sbocca Juniors","Joe Gage FC",67,"76","1","3","1-3","2023/2024"
2,"AF Antastica","Tettenham",98,"76","9","3","9-3","2023/2024"
3,"Fc Scrotone","AF Antastica",66,"76","1","3","1-3","2023/2024"
3,"Tettenham","Zoggiathebest99 Team",76.5,"62","3","0","3-0","2023/2024"
3,"Joe Gage FC","Al Bacaro",58.5,"70","0","2","0-2","2023/2024"
3,"Sbocca Juniors","FC Tigrotto",63,"68","0","1","0-1","2023/2024"
3,"Aston Pirla","Herta Vernello",76,"64","3","0","3-0","2023/2024"
4,"Al Bacaro","Sbocca Juniors",78.5,"68.5","4","1","4-1","2023/2024"
4,"Herta Vernello","Tettenham",69.5,"67.5","1","1","1-1","2023/2024"
4,"Zoggiathebest99 Team","Fc Scrotone",65.5,"60.5","0","0","0-0","2023/2024"
4,"FC Tigrotto","Aston Pirla",76,"75.5","3","3","3-3","2023/2024"
4,"AF Antastica","Joe Gage FC",61.5,"72","0","2","0-2","2023/2024"
5,"Fc Scrotone","Herta Vernello",69.5,"74.5","1","3","1-3","2023/2024"
5,"Tettenham","Aston Pirla",64.5,"70","0","2","0-2","2023/2024"
5,"Al Bacaro","FC Tigrotto",61,"72","0","2","0-2","2023/2024"
5,"Joe Gage FC","Zoggiathebest99 Team",65,"73.5","0","2","0-2","2023/2024"
5,"Sbocca Juniors","AF Antastica",79.5,"82.5","4","5","4-5","2023/2024"
6,"Herta Vernello","Joe Gage FC",68,"70.5","1","2","1-2","2023/2024"
6,"Zoggiathebest99 Team","Sbocca Juniors",70.5,"79.5","2","4","2-4","2023/2024"
6,"FC Tigrotto","Tettenham",73.5,"69.5","2","1","2-1","2023/2024"
6,"AF Antastica","Al Bacaro",69,"75","1","3","1-3","2023/2024"
6,"Aston Pirla","Fc Scrotone",76.5,"65","3","0","3-0","2023/2024"
7,"Fc Scrotone","Tettenham",68,"77","1","3","1-3","2023/2024"
7,"Al Bacaro","Zoggiathebest99 Team",64,"70","0","2","0-2","2023/2024"
7,"Joe Gage FC","Aston Pirla",74,"71","3","2","3-2","2023/2024"
7,"Sbocca Juniors","Herta Vernello",72,"80.5","2","4","2-4","2023/2024"
7,"AF Antastica","FC Tigrotto",74.5,"66.5","3","1","3-1","2023/2024"
8,"Fc Scrotone","FC Tigrotto",75,"66.5","3","1","3-1","2023/2024"
8,"Tettenham","Joe Gage FC",82.5,"78.5","5","4","5-4","2023/2024"
8,"Herta Vernello","Al Bacaro",71.5,"64.5","2","0","2-0","2023/2024"
8,"Zoggiathebest99 Team","AF Antastica",76.5,"67.5","3","1","3-1","2023/2024"
8,"Aston Pirla","Sbocca Juniors",66.5,"65.5","1","0","1-0","2023/2024"
9,"Al Bacaro","Aston Pirla",62.5,"66","0","1","0-1","2023/2024"
9,"Joe Gage FC","Fc Scrotone",75,"67.5","3","1","3-1","2023/2024"
9,"FC Tigrotto","Zoggiathebest99 Team",69,"73.5","1","2","1-2","2023/2024"
9,"Sbocca Juniors","Tettenham",62.5,"67","0","1","0-1","2023/2024"
9,"AF Antastica","Herta Vernello",81,"70.5","4","2","4-2","2023/2024"
10,"Fc Scrotone","Al Bacaro",70,"68.5","2","1","2-1","2023/2024"
10,"Tettenham","Herta Vernello",68.5,"69.5","1","1","1-1","2023/2024"
10,"FC Tigrotto","AF Antastica",69.5,"75","1","3","1-3","2023/2024"
10,"Sbocca Juniors","Zoggiathebest99 Team",65.5,"64","0","0","0-0","2023/2024"
10,"Aston Pirla","Joe Gage FC",75,"71.5","3","2","3-2","2023/2024"
11,"Al Bacaro","Tettenham",67.5,"73.5","1","2","1-2","2023/2024"
11,"Joe Gage FC","Sbocca Juniors",64,"64.5","0","0","0-0","2023/2024"
11,"AF Antastica","Aston Pirla",70.5,"76","2","3","2-3","2023/2024"
11,"Zoggiathebest99 Team","FC Tigrotto",73,"79","2","4","2-4","2023/2024"
11,"Herta Vernello","Fc Scrotone",65.5,"79","0","4","0-4","2023/2024"
12,"Aston Pirla","Al Bacaro",80.5,"63","4","0","4-0","2023/2024"
12,"Sbocca Juniors","Fc Scrotone",70,"70","2","2","2-2","2023/2024"
12,"Tettenham","FC Tigrotto",69,"66","1","1","1-1","2023/2024"
12,"Herta Vernello","AF Antastica",78.5,"69.5","4","1","4-1","2023/2024"
12,"Zoggiathebest99 Team","Joe Gage FC",87,"72.5","6","2","6-2","2023/2024"
13,"Aston Pirla","Tettenham",69,"69","1","1","1-1","2023/2024"
13,"FC Tigrotto","Al Bacaro",63.5,"58","0","0","0-0","2023/2024"
13,"Fc Scrotone","Zoggiathebest99 Team",70.5,"72.5","2","2","2-2","2023/2024"
13,"Joe Gage FC","Herta Vernello",67,"68.5","1","1","1-1","2023/2024"
13,"AF Antastica","Sbocca Juniors",78.5,"71.5","4","2","4-2","2023/2024"
14,"Fc Scrotone","Aston Pirla",63.5,"84","0","5","0-5","2023/2024"
14,"Tettenham","AF Antastica",73,"74","2","3","2-3","2023/2024"
14,"Zoggiathebest99 Team","Herta Vernello",74.5,"74.5","3","3","3-3","2023/2024"
14,"FC Tigrotto","Sbocca Juniors",72.5,"66.5","2","1","2-1","2023/2024"
14,"Al Bacaro","Joe Gage FC",70.5,"70","2","2","2-2","2023/2024"
15,"Sbocca Juniors","Aston Pirla",68,"61.5","1","0","1-0","2023/2024"
15,"AF Antastica","Fc Scrotone",76.5,"61","3","0","3-0","2023/2024"
15,"Joe Gage FC","Tettenham",70.5,"68.5","2","1","2-1","2023/2024"
15,"Herta Vernello","FC Tigrotto",78,"81","4","4","4-4","2023/2024"
15,"Zoggiathebest99 Team","Al Bacaro",72,"73.5","2","2","2-2","2023/2024"
16,"Aston Pirla","Zoggiathebest99 Team",64,"77","0","3","0-3","2023/2024"
16,"Herta Vernello","Sbocca Juniors",68,"67.5","1","1","1-1","2023/2024"
16,"Tettenham","Fc Scrotone",75,"63","3","0","3-0","2023/2024"
16,"FC Tigrotto","Joe Gage FC",74.5,"66","3","1","3-1","2023/2024"
16,"Al Bacaro","AF Antastica",69,"67","1","1","1-1","2023/2024"
17,"Fc Scrotone","Joe Gage FC",63.5,"79.5","0","4","0-4","2023/2024"
17,"Tettenham","Sbocca Juniors",68,"70","1","2","1-2","2023/2024"
17,"Al Bacaro","Herta Vernello",72,"66","2","1","2-1","2023/2024"
17,"AF Antastica","Zoggiathebest99 Team",79.5,"69","4","1","4-1","2023/2024"
17,"Aston Pirla","FC Tigrotto",61,"65","0","0","0-0","2023/2024"
18,"Joe Gage FC","AF Antastica",71,"85","2","5","2-5","2023/2024"
18,"Herta Vernello","Aston Pirla",76,"64","3","0","3-0","2023/2024"
18,"Zoggiathebest99 Team","Tettenham",77.5,"90","3","7","3-7","2023/2024"
18,"FC Tigrotto","Fc Scrotone",71.5,"72.5","2","2","2-2","2023/2024"
18,"Sbocca Juniors","Al Bacaro",74.5,"70.5","3","2","3-2","2023/2024"
19,"Herta Vernello","Sbocca Juniors",69,"74","1","3","1-3","2023/2024"
19,"FC Tigrotto","Joe Gage FC",81,"86.5","4","6","4-6","2023/2024"
19,"Fc Scrotone","Zoggiathebest99 Team",66.5,"71","1","2","1-2","2023/2024"
19,"AF Antastica","Aston Pirla",70.5,"68.5","2","1","2-1","2023/2024"
19,"Al Bacaro","Tettenham",84.5,"77","5","3","5-3","2023/2024"
20,"Joe Gage FC","Herta Vernello",74.5,"68","3","1","3-1","2023/2024"
20,"Aston Pirla","Al Bacaro",75,"74","3","3","3-3","2023/2024"
20,"Zoggiathebest99 Team","AF Antastica",69.5,"71","1","2","1-2","2023/2024"
20,"Sbocca Juniors","Fc Scrotone",69.5,"72.5","1","2","1-2","2023/2024"
20,"Tettenham","FC Tigrotto",64,"77","0","3","0-3","2023/2024"
21,"Herta Vernello","Tettenham",74,"74.5","3","3","3-3","2023/2024"
21,"FC Tigrotto","Aston Pirla",68,"70","1","2","1-2","2023/2024"
21,"Fc Scrotone","Joe Gage FC",72,"68","2","1","2-1","2023/2024"
21,"Sbocca Juniors","Zoggiathebest99 Team",67.5,"73","1","2","1-2","2023/2024"
21,"Al Bacaro","AF Antastica",66,"73","1","2","1-2","2023/2024"
22,"Joe Gage FC","Sbocca Juniors",71,"66.5","2","1","2-1","2023/2024"
22,"AF Antastica","FC Tigrotto",83.5,"69","5","1","5-1","2023/2024"
22,"Aston Pirla","Herta Vernello",72,"78.5","2","4","2-4","2023/2024"
22,"Zoggiathebest99 Team","Al Bacaro",82,"56.5","5","0","5-0","2023/2024"
22,"Tettenham","Fc Scrotone",84,"67.5","5","1","5-1","2023/2024"
23,"Herta Vernello","AF Antastica",72.5,"66","2","1","2-1","2023/2024"
23,"FC Tigrotto","Al Bacaro",76,"81","3","4","3-4","2023/2024"
23,"Joe Gage FC","Zoggiathebest99 Team",67.5,"74.5","1","3","1-3","2023/2024"
23,"Fc Scrotone","Aston Pirla",68.5,"68.5","1","1","1-1","2023/2024"
23,"Sbocca Juniors","Tettenham",73.5,"77","2","3","2-3","2023/2024"
24,"AF Antastica","Fc Scrotone",70,"86","2","6","2-6","2023/2024"
24,"Aston Pirla","Sbocca Juniors",75.5,"63.5","3","0","3-0","2023/2024"
24,"Zoggiathebest99 Team","FC Tigrotto",68.5,"72","1","2","1-2","2023/2024"
24,"Tettenham","Joe Gage FC",68,"72.5","1","2","1-2","2023/2024"
24,"Al Bacaro","Herta Vernello",77,"67","3","1","3-1","2023/2024"
25,"Herta Vernello","FC Tigrotto",65.5,"63","0","0","0-0","2023/2024"
25,"Joe Gage FC","Aston Pirla",59,"78","0","4","0-4","2023/2024"
25,"Fc Scrotone","Al Bacaro",70,"69","2","1","2-1","2023/2024"
25,"Sbocca Juniors","AF Antastica",71,"71","2","2","2-2","2023/2024"
25,"Tettenham","Zoggiathebest99 Team",71.5,"65.5","2","0","2-0","2023/2024"
26,"Herta Vernello","Zoggiathebest99 Team",72.5,"67.5","2","1","2-1","2023/2024"
26,"FC Tigrotto","Fc Scrotone",75.5,"70","3","2","3-2","2023/2024"
26,"AF Antastica","Joe Gage FC",67.5,"75.5","1","3","1-3","2023/2024"
26,"Aston Pirla","Tettenham",67,"63","1","0","1-0","2023/2024"
26,"Al Bacaro","Sbocca Juniors",73,"72","2","2","2-2","2023/2024"
27,"Joe Gage FC","Al Bacaro",77.5,"68","3","1","3-1","2023/2024"
27,"Fc Scrotone","Herta Vernello",73,"68","2","1","2-1","2023/2024"
27,"Zoggiathebest99 Team","Aston Pirla",67.5,"77","1","3","1-3","2023/2024"
27,"Sbocca Juniors","FC Tigrotto",72,"66","2","1","2-1","2023/2024"
27,"Tettenham","AF Antastica",69.5,"73.5","1","2","1-2","2023/2024"
28,"Herta Vernello","Joe Gage FC",75.5,"74","3","3","3-3","2023/2024"
28,"FC Tigrotto","AF Antastica",67,"67","1","1","1-1","2023/2024"
28,"Zoggiathebest99 Team","Tettenham",69.5,"68.5","1","1","1-1","2023/2024"
28,"Sbocca Juniors","Aston Pirla",68.5,"74.5","1","3","1-3","2023/2024"
28,"Al Bacaro","Fc Scrotone",69,"73.5","1","2","1-2","2023/2024"
29,"Joe Gage FC","FC Tigrotto",71.5,"71.5","2","2","2-2","2023/2024"
29,"Fc Scrotone","Sbocca Juniors",74,"67.5","3","1","3-1","2023/2024"
29,"Tettenham","Al Bacaro",78.5,"74","4","3","4-3","2023/2024"
29,"Aston Pirla","Zoggiathebest99 Team",74,"76","3","3","3-3","2023/2024"
29,"AF Antastica","Herta Vernello",71,"68","2","1","2-1","2023/2024"
30,"Al Bacaro","Joe Gage FC",64.5,"80","0","4","0-4","2023/2024"
30,"Sbocca Juniors","Herta Vernello",73,"81.5","2","4","2-4","2023/2024"
30,"FC Tigrotto","Zoggiathebest99 Team",72.5,"68.5","2","1","2-1","2023/2024"
30,"AF Antastica","Tettenham",73.5,"65","2","0","2-0","2023/2024"
30,"Aston Pirla","Fc Scrotone",57.5,"80","0","4","0-4","2023/2024"
31,"Al Bacaro","FC Tigrotto",69.5,"62.5","1","0","1-0","2023/2024"
31,"Zoggiathebest99 Team","Joe Gage FC",69,"70.5","1","2","1-2","2023/2024"
31,"Herta Vernello","Aston Pirla",77,"66.5","3","1","3-1","2023/2024"
31,"Fc Scrotone","AF Antastica",67.5,"67.5","1","1","1-1","2023/2024"
31,"Tettenham","Sbocca Juniors",62,"58","0","0","0-0","2023/2024"
32,"Herta Vernello","Al Bacaro",67,"72.5","1","2","1-2","2023/2024"
32,"FC Tigrotto","Tettenham",77.5,"68.5","3","1","3-1","2023/2024"
32,"Aston Pirla","AF Antastica",64,"79","0","4","0-4","2023/2024"
32,"Zoggiathebest99 Team","Sbocca Juniors",73.5,"77.5","2","3","2-3","2023/2024"
32,"Joe Gage FC","Fc Scrotone",71,"67","2","1","2-1","2023/2024"
33,"Sbocca Juniors","Al Bacaro",68.5,"63.5","1","0","1-0","2023/2024"
33,"Tettenham","Herta Vernello",63,"70.5","0","2","0-2","2023/2024"
33,"Fc Scrotone","FC Tigrotto",67.5,"66","1","1","1-1","2023/2024"
33,"AF Antastica","Zoggiathebest99 Team",69,"67","1","1","1-1","2023/2024"
33,"Aston Pirla","Joe Gage FC",58,"78","0","4","0-4","2023/2024"
34,"Al Bacaro","Aston Pirla",69.5,"71.5","1","2","1-2","2023/2024"
34,"AF Antastica","Sbocca Juniors",76.5,"83","3","5","3-5","2023/2024"
34,"FC Tigrotto","Herta Vernello",57.5,"83.5","0","5","0-5","2023/2024"
34,"Zoggiathebest99 Team","Fc Scrotone",74.5,"68","3","1","3-1","2023/2024"
34,"Joe Gage FC","Tettenham",67,"66","1","1","1-1","2023/2024"
35,"Herta Vernello","Fc Scrotone",63,"75","0","3","0-3","2023/2024"
35,"FC Tigrotto","Sbocca Juniors",74,"71","3","2","3-2","2023/2024"
35,"Joe Gage FC","AF Antastica",66,"61","1","0","1-0","2023/2024"
35,"Tettenham","Aston Pirla",48,"80.5","0","4","0-4","2023/2024"
35,"Al Bacaro","Zoggiathebest99 Team",66.5,"68","1","1","1-1","2023/2024"
36,"Fc Scrotone","Tettenham",68.5,"74.5","1","3","1-3","2023/2024"
36,"AF Antastica","Al Bacaro",55,"70.5","0","2","0-2","2023/2024"
36,"Aston Pirla","FC Tigrotto",63.5,"67.5","0","1","0-1","2023/2024"
36,"Zoggiathebest99 Team","Herta Vernello",82.5,"81","5","4","5-4","2023/2024"
36,"Sbocca Juniors","Joe Gage FC",74,"67","3","1","3-1","2023/2024"
1,"FC Tigrotto","Al Bacaro",65,"73","0","2","0-2","2024/2025"
1,"AF Antastica","Sambuca Juniors",72,"64.5","2","0","2-0","2024/2025"
1,"Fc Scrotone","Joe Gage FC",75,"69.5","3","1","3-1","2024/2025"
1,"Aston Pirla","Herta Vernello",69.5,"78.5","1","4","1-4","2024/2025"
1,"Zoggiathebest99 Team","Tettenham",78,"70.5","4","2","4-2","2024/2025"
2,"Sambuca Juniors","FC Tigrotto",77,"79.5","3","4","3-4","2024/2025"
2,"Herta Vernello","Zoggiathebest99 Team",69.5,"80","1","4","1-4","2024/2025"
2,"Joe Gage FC","Aston Pirla",64,"79","0","4","0-4","2024/2025"
2,"Al Bacaro","Fc Scrotone",80,"74","4","3","4-3","2024/2025"
2,"Tettenham","AF Antastica",74.5,"65","3","0","3-0","2024/2025"
3,"FC Tigrotto","Tettenham",75,"65.5","3","0","3-0","2024/2025"
3,"AF Antastica","Herta Vernello",72.5,"69","2","1","2-1","2024/2025"
3,"Fc Scrotone","Sambuca Juniors",75,"72","3","2","3-2","2024/2025"
3,"Al Bacaro","Joe Gage FC",78.5,"68.5","4","1","4-1","2024/2025"
3,"Zoggiathebest99 Team","Aston Pirla",67,"72","1","2","1-2","2024/2025"
4,"Sambuca Juniors","Al Bacaro",81,"71","4","2","4-2","2024/2025"
4,"Aston Pirla","AF Antastica",80.5,"84","4","5","4-5","2024/2025"
4,"Herta Vernello","FC Tigrotto",73,"74.5","2","3","2-3","2024/2025"
4,"Joe Gage FC","Zoggiathebest99 Team",73,"67","2","1","2-1","2024/2025"
4,"Tettenham","Fc Scrotone",66.5,"63","1","0","1-0","2024/2025"
5,"FC Tigrotto","Aston Pirla",72,"62.5","2","0","2-0","2024/2025"
5,"AF Antastica","Zoggiathebest99 Team",63,"77.5","0","3","0-3","2024/2025"
5,"Sambuca Juniors","Joe Gage FC",85.5,"89","5","6","5-6","2024/2025"
5,"Fc Scrotone","Herta Vernello",71,"74.5","2","3","2-3","2024/2025"
5,"Al Bacaro","Tettenham",55.5,"65.5","0","0","0-0","2024/2025"
6,"Aston Pirla","Fc Scrotone",60,"71","0","2","0-2","2024/2025"
6,"Herta Vernello","Al Bacaro",67,"79.5","1","4","1-4","2024/2025"
6,"Joe Gage FC","AF Antastica",64,"71.5","0","2","0-2","2024/2025"
6,"Tettenham","Sambuca Juniors",67,"67","1","1","1-1","2024/2025"
6,"Zoggiathebest99 Team","FC Tigrotto",82,"74.5","5","3","5-3","2024/2025"
7,"FC Tigrotto","AF Antastica",78.5,"63","4","0","4-0","2024/2025"
7,"Sambuca Juniors","Herta Vernello",71.5,"70.5","2","2","2-2","2024/2025"
7,"Fc Scrotone","Zoggiathebest99 Team",79,"77.5","4","3","4-3","2024/2025"
7,"Al Bacaro","Aston Pirla",65,"67","0","1","0-1","2024/2025"
7,"Tettenham","Joe Gage FC",74.5,"72.5","3","2","3-2","2024/2025"
8,"FC Tigrotto","Joe Gage FC",78,"76","4","3","4-3","2024/2025"
8,"AF Antastica","Fc Scrotone",73,"77.5","2","3","2-3","2024/2025"
8,"Aston Pirla","Sambuca Juniors",74,"72.5","3","2","3-2","2024/2025"
8,"Herta Vernello","Tettenham",67,"68","1","1","1-1","2024/2025"
8,"Zoggiathebest99 Team","Al Bacaro",75,"72.5","3","2","3-2","2024/2025"
9,"Sambuca Juniors","Zoggiathebest99 Team",69.5,"64","1","0","1-0","2024/2025"
9,"Fc Scrotone","FC Tigrotto",72,"69.5","2","1","2-1","2024/2025"
9,"Joe Gage FC","Herta Vernello",68.5,"75.5","1","3","1-3","2024/2025"
9,"Al Bacaro","AF Antastica",68.5,"64","1","0","1-0","2024/2025"
9,"Tettenham","Aston Pirla",73,"80","2","4","2-4","2024/2025"
10,"Al Bacaro","FC Tigrotto",56.5,"76","0","3","0-3","2024/2025"
10,"Sambuca Juniors","AF Antastica",73.5,"69.5","2","1","2-1","2024/2025"
10,"Joe Gage FC","Fc Scrotone",66,"92","1","7","1-7","2024/2025"
10,"Herta Vernello","Aston Pirla",66,"71.5","1","2","1-2","2024/2025"
10,"Tettenham","Zoggiathebest99 Team",72,"74.5","2","3","2-3","2024/2025"
11,"FC Tigrotto","Sambuca Juniors",81.5,"70","4","2","4-2","2024/2025"
11,"Zoggiathebest99 Team","Herta Vernello",85,"71.5","5","2","5-2","2024/2025"
11,"Aston Pirla","Joe Gage FC",63.5,"81","0","4","0-4","2024/2025"
11,"Fc Scrotone","Al Bacaro",67.5,"60.5","1","0","1-0","2024/2025"
11,"AF Antastica","Tettenham",71,"60","2","0","2-0","2024/2025"
12,"Tettenham","FC Tigrotto",66.5,"61.5","1","0","1-0","2024/2025"
12,"Herta Vernello","AF Antastica",77.5,"65.5","3","0","3-0","2024/2025"
12,"Sambuca Juniors","Fc Scrotone",66.5,"90","1","7","1-7","2024/2025"
12,"Joe Gage FC","Al Bacaro",66,"68","1","1","1-1","2024/2025"
12,"Aston Pirla","Zoggiathebest99 Team",86,"69.5","6","1","6-1","2024/2025"
13,"Al Bacaro","Sambuca Juniors",64.5,"80","0","4","0-4","2024/2025"
13,"AF Antastica","Aston Pirla",67,"61","1","0","1-0","2024/2025"
13,"FC Tigrotto","Herta Vernello",70,"66","2","1","2-1","2024/2025"
13,"Zoggiathebest99 Team","Joe Gage FC",62.5,"85.5","0","5","0-5","2024/2025"
13,"Fc Scrotone","Tettenham",72,"76","2","3","2-3","2024/2025"
14,"Aston Pirla","FC Tigrotto",64,"72.5","0","2","0-2","2024/2025"
14,"Zoggiathebest99 Team","AF Antastica",72.5,"62.5","2","0","2-0","2024/2025"
14,"Joe Gage FC","Sambuca Juniors",70,"65.5","2","0","2-0","2024/2025"
14,"Herta Vernello","Fc Scrotone",74,"76.5","3","3","3-3","2024/2025"
14,"Tettenham","Al Bacaro",81.5,"62.5","4","0","4-0","2024/2025"
15,"Fc Scrotone","Aston Pirla",81.5,"77","4","3","4-3","2024/2025"
15,"Al Bacaro","Herta Vernello",55,"75.5","0","3","0-3","2024/2025"
15,"AF Antastica","Joe Gage FC",63.5,"76","0","3","0-3","2024/2025"
15,"Sambuca Juniors","Tettenham",69,"74.5","1","3","1-3","2024/2025"
15,"FC Tigrotto","Zoggiathebest99 Team",76.5,"73","3","2","3-2","2024/2025"
16,"AF Antastica","FC Tigrotto",72.5,"69","2","1","2-1","2024/2025"
16,"Herta Vernello","Sambuca Juniors",67.5,"74","1","3","1-3","2024/2025"
16,"Zoggiathebest99 Team","Fc Scrotone",63.5,"71.5","0","2","0-2","2024/2025"
16,"Aston Pirla","Al Bacaro",67.5,"54.5","1","0","1-0","2024/2025"
16,"Joe Gage FC","Tettenham",72,"66","2","1","2-1","2024/2025"
17,"Joe Gage FC","FC Tigrotto",63,"79","0","4","0-4","2024/2025"
17,"Fc Scrotone","AF Antastica",77,"80","3","4","3-4","2024/2025"
17,"Sambuca Juniors","Aston Pirla",73,"70","2","2","2-2","2024/2025"
17,"Tettenham","Herta Vernello",66,"72","1","2","1-2","2024/2025"
17,"Al Bacaro","Zoggiathebest99 Team",51.5,"71.5","0","2","0-2","2024/2025"
18,"Zoggiathebest99 Team","Sambuca Juniors",73.5,"69.5","2","1","2-1","2024/2025"
18,"FC Tigrotto","Fc Scrotone",71.5,"60","2","0","2-0","2024/2025"
18,"Herta Vernello","Joe Gage FC",74,"64","3","0","3-0","2024/2025"
18,"AF Antastica","Al Bacaro",67.5,"41.5","1","0","1-0","2024/2025"
18,"Aston Pirla","Tettenham",87.5,"66.5","6","1","6-1","2024/2025"
19,"FC Tigrotto","Al Bacaro",82.5,"34.5","5","0","5-0","2024/2025"
19,"AF Antastica","Sambuca Juniors",74.5,"75","3","3","3-3","2024/2025"
19,"Fc Scrotone","Joe Gage FC",80,"65","4","0","4-0","2024/2025"
19,"Aston Pirla","Herta Vernello",75.5,"65","3","0","3-0","2024/2025"
19,"Zoggiathebest99 Team","Tettenham",73.5,"65.5","2","0","2-0","2024/2025"
20,"Sambuca Juniors","FC Tigrotto",78.5,"62.5","4","0","4-0","2024/2025"
20,"Herta Vernello","Zoggiathebest99 Team",63.5,"65.5","0","0","0-0","2024/2025"
20,"Joe Gage FC","Aston Pirla",68,"76","1","3","1-3","2024/2025"
20,"Al Bacaro","Fc Scrotone",72,"73.5","2","2","2-2","2024/2025"
20,"Tettenham","AF Antastica",72.5,"74","2","3","2-3","2024/2025"
21,"FC Tigrotto","Tettenham",67.5,"68.5","1","1","1-1","2024/2025"
21,"AF Antastica","Herta Vernello",70.5,"86.5","2","6","2-6","2024/2025"
21,"Fc Scrotone","Sambuca Juniors",71.5,"66.5","2","1","2-1","2024/2025"
21,"Al Bacaro","Joe Gage FC",63,"71.5","0","2","0-2","2024/2025"
21,"Zoggiathebest99 Team","Aston Pirla",79.5,"73","4","2","4-2","2024/2025"
22,"Sambuca Juniors","Al Bacaro",86,"70.5","6","2","6-2","2024/2025"
22,"Aston Pirla","AF Antastica",66,"70","1","2","1-2","2024/2025"
22,"Herta Vernello","FC Tigrotto",72.5,"67.5","2","1","2-1","2024/2025"
22,"Joe Gage FC","Zoggiathebest99 Team",75,"77","3","3","3-3","2024/2025"
22,"Tettenham","Fc Scrotone",70.5,"71","2","2","2-2","2024/2025"
23,"FC Tigrotto","Aston Pirla",71.5,"77.5","2","3","2-3","2024/2025"
23,"AF Antastica","Zoggiathebest99 Team",64.5,"68.5","0","1","0-1","2024/2025"
23,"Sambuca Juniors","Joe Gage FC",67.5,"68","1","1","1-1","2024/2025"
23,"Fc Scrotone","Herta Vernello",80.5,"71.5","4","2","4-2","2024/2025"
23,"Al Bacaro","Tettenham",66,"66","1","1","1-1","2024/2025"
24,"Aston Pirla","Fc Scrotone",74,"74.5","3","3","3-3","2024/2025"
24,"Herta Vernello","Al Bacaro",64,"68.5","0","1","0-1","2024/2025"
24,"Joe Gage FC","AF Antastica",67,"69.5","1","1","1-1","2024/2025"
24,"Tettenham","Sambuca Juniors",70.5,"74","2","3","2-3","2024/2025"
24,"Zoggiathebest99 Team","FC Tigrotto",72,"76","2","3","2-3","2024/2025"
25,"FC Tigrotto","AF Antastica",68.5,"65.5","1","0","1-0","2024/2025"
25,"Sambuca Juniors","Herta Vernello",70,"65","2","0","2-0","2024/2025"
25,"Fc Scrotone","Zoggiathebest99 Team",84.5,"66","5","1","5-1","2024/2025"
25,"Al Bacaro","Aston Pirla",66.5,"73.5","1","2","1-2","2024/2025"
25,"Tettenham","Joe Gage FC",72.5,"67.5","2","1","2-1","2024/2025"
26,"FC Tigrotto","Joe Gage FC",77.5,"63.5","3","0","3-0","2024/2025"
26,"AF Antastica","Fc Scrotone",67,"73.5","1","2","1-2","2024/2025"
26,"Aston Pirla","Sambuca Juniors",67,"68","1","1","1-1","2024/2025"
26,"Herta Vernello","Tettenham",75.5,"70.5","3","2","3-2","2024/2025"
26,"Zoggiathebest99 Team","Al Bacaro",76.5,"78","3","4","3-4","2024/2025"
27,"Sambuca Juniors","Zoggiathebest99 Team",62,"71.5","0","2","0-2","2024/2025"
27,"Fc Scrotone","FC Tigrotto",80,"61","4","0","4-0","2024/2025"
27,"Joe Gage FC","Herta Vernello",76,"65","3","0","3-0","2024/2025"
27,"Al Bacaro","AF Antastica",74,"78.5","3","4","3-4","2024/2025"
27,"Tettenham","Aston Pirla",65.5,"71","0","2","0-2","2024/2025"
28,"Al Bacaro","FC Tigrotto",66.5,"71","1","2","1-2","2024/2025"
28,"Sambuca Juniors","AF Antastica",70,"65","2","0","2-0","2024/2025"
28,"Joe Gage FC","Fc Scrotone",65,"76.5","0","3","0-3","2024/2025"
28,"Herta Vernello","Aston Pirla",64,"70","0","2","0-2","2024/2025"
28,"Tettenham","Zoggiathebest99 Team",75.5,"75.5","3","3","3-3","2024/2025"
29,"FC Tigrotto","Sambuca Juniors",64.5,"58","0","0","0-0","2024/2025"
29,"Zoggiathebest99 Team","Herta Vernello",66,"62.5","1","0","1-0","2024/2025"
29,"Aston Pirla","Joe Gage FC",72.5,"71.5","2","2","2-2","2024/2025"
29,"Fc Scrotone","Al Bacaro",73.5,"74","2","3","2-3","2024/2025"
29,"AF Antastica","Tettenham",69.5,"66.5","1","1","1-1","2024/2025"
30,"Tettenham","FC Tigrotto",78.5,"71","4","2","4-2","2024/2025"
30,"Herta Vernello","AF Antastica",74,"74","3","3","3-3","2024/2025"
30,"Sambuca Juniors","Fc Scrotone",80,"76","4","3","4-3","2024/2025"
30,"Joe Gage FC","Al Bacaro",58.5,"75","0","3","0-3","2024/2025"
30,"Aston Pirla","Zoggiathebest99 Team",81.5,"79.5","4","4","4-4","2024/2025"
31,"Al Bacaro","Sambuca Juniors",61.5,"76","0","3","0-3","2024/2025"
31,"AF Antastica","Aston Pirla",70,"76.5","2","3","2-3","2024/2025"
31,"FC Tigrotto","Herta Vernello",70,"67","2","1","2-1","2024/2025"
31,"Zoggiathebest99 Team","Joe Gage FC",74.5,"68.5","3","1","3-1","2024/2025"
31,"Fc Scrotone","Tettenham",75,"59","3","0","3-0","2024/2025"
32,"Aston Pirla","FC Tigrotto",70.5,"73","2","2","2-2","2024/2025"
32,"Zoggiathebest99 Team","AF Antastica",64.5,"71","0","2","0-2","2024/2025"
32,"Joe Gage FC","Sambuca Juniors",67.5,"78","1","4","1-4","2024/2025"
32,"Herta Vernello","Fc Scrotone",78,"62.5","4","0","4-0","2024/2025"
32,"Tettenham","Al Bacaro",63.5,"69","0","1","0-1","2024/2025"
33,"Fc Scrotone","Aston Pirla",66.5,"71","1","2","1-2","2024/2025"
33,"Al Bacaro","Herta Vernello",63,"65","0","0","0-0","2024/2025"
33,"AF Antastica","Joe Gage FC",67,"73","1","2","1-2","2024/2025"
33,"Sambuca Juniors","Tettenham",69,"68.5","1","1","1-1","2024/2025"
33,"FC Tigrotto","Zoggiathebest99 Team",79,"72","4","2","4-2","2024/2025"
34,"AF Antastica","FC Tigrotto",69.5,"73.5","1","2","1-2","2024/2025"
34,"Herta Vernello","Sambuca Juniors",74,"69","3","1","3-1","2024/2025"
34,"Zoggiathebest99 Team","Fc Scrotone",64.5,"69","0","1","0-1","2024/2025"
34,"Aston Pirla","Al Bacaro",71.5,"72","2","2","2-2","2024/2025"
34,"Joe Gage FC","Tettenham",66,"68.5","1","1","1-1","2024/2025"
35,"Joe Gage FC","FC Tigrotto",63,"69","0","1","0-1","2024/2025"
35,"Fc Scrotone","AF Antastica",78.5,"61.5","4","0","4-0","2024/2025"
35,"Sambuca Juniors","Aston Pirla",76,"64.5","3","0","3-0","2024/2025"
35,"Tettenham","Herta Vernello",77.5,"63.5","3","0","3-0","2024/2025"
35,"Al Bacaro","Zoggiathebest99 Team",69.5,"73","1","2","1-2","2024/2025"
36,"Zoggiathebest99 Team","Sambuca Juniors",74,"66.5","3","1","3-1","2024/2025"
36,"FC Tigrotto","Fc Scrotone",67,"72","1","2","1-2","2024/2025"
36,"Herta Vernello","Joe Gage FC",75,"53.5","3","0","3-0","2024/2025"
36,"AF Antastica","Al Bacaro",72.5,"81.5","2","4","2-4","2024/2025"
36,"Aston Pirla","Tettenham",62,"72.5","0","2","0-2","2024/2025"
