"id","name","p","d","c","a"
"350","Donnarumma G.",1,0,0,0
"453","Szczesny",1,0,0,0
"250","Handanovic",1,0,0,0
"2179","Sirigu",1,0,0,0
"509","Consigli",1,0,0,0
"572","Meret",1,0,0,0
"1934","Strakosha",1,0,0,0
"2178","Cragno",1,0,0,0
"1843","Radu I.",1,0,0,0
"2387","Lafont",1,0,0,0
"2792","Musso",1,0,0,0
"41","Mirante",1,0,0,0
"133","Skorupski",1,0,0,0
"484","Viviano",1,0,0,0
"610","Gollini",1,0,0,0
"761","Audero",1,0,0,0
"2836","Olsen",1,0,0,0
"413","Sorrentino",1,0,0,0
"1917","Dragowski",1,0,0,0
"159","Sepe",1,0,0,0
"316","Berisha",1,0,0,0
"540","Gomis A",1,0,0,0
"2468","Ospina",1,0,0,0
"4","Sportiello",1,0,0,0
"2815","Terracciano",1,0,0,0
"218","Perin",1,0,0,0
"318","Marchetti",1,0,0,0
"387","Reina",1,0,0,0
"570","Karnezis",1,0,0,0
"2814","Provedel",1,0,0,0
"2861","Semper",1,0,0,0
"386","Rafael Cabral",1,0,0,0
"542","Ichazo",1,0,0,0
"574","Scuffet",1,0,0,0
"4325","Jandrei",1,0,0,0
"510","Pegolo",1,0,0,0
"799","Bardi",1,0,0,0
"2170","Milinkovic-Savic V.",1,0,0,0
"40","Da Costa",1,0,0,0
"97","Seculin",1,0,0,0
"216","Donnarumma An.",1,0,0,0
"248","Berni",1,0,0,0
"317","Guerrieri",1,0,0,0
"385","Gabriel",1,0,0,0
"543","Padelli",1,0,0,0
"611","Rafael",1,0,0,0
"673","Perisan",1,0,0,0
"720","Belec",1,0,0,0
"1930","Pinsoglio",1,0,0,0
"1941","Fulignati",1,0,0,0
"1946","Aresti",1,0,0,0
"1970","Tozzo",1,0,0,0
"2091","Plizzari",1,0,0,0
"2127","Satalino",1,0,0,0
"2134","Falcone",1,0,0,0
"2249","Santurro",1,0,0,0
"2256","Poluzzi",1,0,0,0
"2271","Nicolas",1,0,0,0
"2297","Rossi F.",1,0,0,0
"2331","Borsellini",1,0,0,0
"2761","Vodisek",1,0,0,0
"2770","Proto",1,0,0,0
"2781","Fuzato",1,0,0,0
"2790","Rosati",1,0,0,0
"2798","Dini",1,0,0,0
"2799","Frattali",1,0,0,0
"2845","Contini",1,0,0,0
"2862","Iacobucci",1,0,0,0
"2874","Ghidotti",1,0,0,0
"2875","Bagheria",1,0,0,0
"4328","Perucchini",1,0,0,0
"4336","Brazao",1,0,0,0
"4351","Brancolini",1,0,0,0
"392","Koulibaly",0,1,0,0
"2214","Kolarov",0,1,0,0
"226","Izzo",0,1,0,0
"322","De Vrij",0,1,0,0
"662","Alex Sandro",0,1,0,0
"706","Ansaldi",0,1,1,0
"798","Skriniar",0,1,0,0
"2288","N'koulou",0,1,0,0
"288","Chiellini",0,1,0,0
"460","Romagnoli",0,1,0,0
"464","Florenzi",0,1,0,0
"487","De Silvestri",0,1,0,0
"513","Acerbi",0,1,0,0
"2130","Hateboer",0,1,0,0
"2160","Gosens",0,1,0,0
"2296","Mancini",0,1,0,0
"286","Bonucci",0,1,0,0
"459","Manolas",0,1,0,0
"578","Danilo Lar.",0,1,0,0
"695","Toloi",0,1,0,0
"2016","Fazio",0,1,0,0
"2197","Castagne",0,1,0,0
"2816","Di Lorenzo",0,1,0,0
"295","Asamoah",0,1,0,0
"523","Vrsaljko",0,1,0,0
"2006","Lirola",0,1,0,0
"2309","Pezzella Ger.",0,1,0,0
"2310","Cancelo",0,1,0,0
"2759","Criscito",0,1,0,0
"253","D'ambrosio",0,1,0,0
"388","Albiol",0,1,0,0
"492","Silvestre",0,1,0,0
"708","Felipe",0,1,0,0
"1895","Ferrari G.",0,1,0,0
"2164","Milenkovic",0,1,0,0
"2168","Musacchio",0,1,0,0
"2320","Andersen",0,1,0,0
"2860","Malcuit",0,1,0,0
"4332","Demiral",0,1,0,0
"15","Masiello",0,1,0,0
"142","Mario Rui",0,1,0,0
"252","Biraghi",0,1,0,0
"390","Ghoulam",0,1,0,0
"1864","Bruno Alves",0,1,0,0
"2169","Rodriguez R.",0,1,0,0
"2181","Palomino",0,1,0,0
"2261","Vicari",0,1,0,0
"2315","Stryger Larsen",0,1,0,0
"2746","Dijks",0,1,0,0
"2865","Aina",0,1,0,0
"4307","Romero",0,1,0,0
"73","Gagliolo",0,1,0,0
"140","Hysaj",0,1,0,0
"224","De Maio",0,1,0,0
"357","Calabria",0,1,0,0
"358","De Sciglio",0,1,0,0
"790","Samir",0,1,0,0
"1866","Ceppitelli",0,1,0,0
"1868","Murru",0,1,0,0
"1869","Pisacane",0,1,0,0
"2083","Biraschi",0,1,0,0
"2120","Bastoni",0,1,0,0
"2192","Bonifazi",0,1,0,0
"2279","Romagna",0,1,0,0
"2280","Nuytinck",0,1,0,0
"2749","Srna",0,1,0,0
"50","Mbaye",0,1,0,0
"106","Mattiello",0,1,0,0
"144","Tonelli",0,1,0,0
"166","Pasqual",0,1,0,0
"256","Juan Jesus",0,1,0,0
"257","Miranda",0,1,0,0
"294","Rugani",0,1,0,0
"329","Radu",0,1,0,0
"353","Abate",0,1,0,0
"491","Salamon",0,1,0,0
"519","Gazzola",0,1,0,0
"552","Moretti",0,1,0,0
"780","Cionek",0,1,0,0
"787","Djimsiti",0,1,0,0
"1876","Pajac",0,1,0,0
"1931","Benatia",0,1,0,0
"1952","Zampano",0,1,0,0
"2062","Bastos",0,1,0,0
"2116","Farago'",0,1,1,0
"2165","Vitor Hugo",0,1,0,0
"2171","Lyanco",0,1,0,0
"2285","Bani",0,1,0,0
"2335","Luiz Felipe",0,1,0,0
"2355","Marlon",0,1,0,0
"2769","Magnani",0,1,0,0
"2784","Colley",0,1,0,0
"2801","Iacoponi",0,1,0,0
"2869","Djidji",0,1,0,0
"2870","Troost-Ekong",0,1,0,0
"48","Maietta",0,1,0,0
"54","Rossettini",0,1,0,0
"99","Cacciatore",0,1,0,0
"134","Barba",0,1,0,0
"254","Dimarco",0,1,0,0
"273","Schelotto",0,1,0,0
"418","Goldaniga",0,1,0,0
"493","Zukanovic",0,1,0,0
"515","Ariaudo",0,1,0,0
"517","Dell'orco",0,1,0,0
"521","Peluso",0,1,0,0
"522","Terranova",0,1,0,0
"550","Maksimovic",0,1,0,0
"630","Sala",0,1,0,0
"1847","Caldara",0,1,0,0
"1852","Spinazzola",0,1,0,0
"1865","Capuano",0,1,0,0
"1891","Ceccherini",0,1,0,0
"2064","Veseli",0,1,0,0
"2104","Bereszynski",0,1,0,0
"2208","Jaroszynski",0,1,0,0
"2318","Rogerio",0,1,0,0
"2535","Cedric Soares",0,1,0,0
"2728","Pellegrini Lu.",0,1,0,0
"2795","Ter Avest",0,1,0,0
"2871","Klavan",0,1,0,0
"11","Conti",0,1,0,0
"76","Romagnoli S.",0,1,0,0
"100","Cesar",0,1,0,0
"287","Caceres",0,1,0,0
"356","Antonelli",0,1,0,0
"365","Zapata C.",0,1,0,0
"419","Gonzalez G",0,1,0,0
"551","Molinaro",0,1,0,0
"615","Helander",0,1,0,0
"729","Pereira P.",0,1,0,0
"2745","Calabresi",0,1,0,0
"2782","Marcano",0,1,0,0
"2831","Djourou",0,1,0,0
"141","Laurini",0,1,0,0
"169","Tomovic",0,1,0,0
"194","Ciofani M",0,1,0,0
"244","Ghiglione",0,1,0,0
"262","Santon",0,1,0,0
"327","Patric",0,1,0,0
"817","Costa F",0,1,0,0
"1999","Lukaku J.",0,1,0,0
"2007","Wallace",0,1,0,0
"2180","Karsdorp",0,1,0,0
"2289","Dalbert",0,1,0,0
"2758","Gunter",0,1,0,0
"2793","Opoku",0,1,0,0
"2810","Brighenti",0,1,0,0
"45","Ferrari A.",0,1,0,0
"78","Spolli",0,1,0,0
"103","Frey",0,1,0,0
"105","Gobbi",0,1,0,0
"251","Andreolli",0,1,0,0
"285","Barzagli",0,1,0,0
"393","Luperto",0,1,0,0
"490","Regini",0,1,0,0
"640","Chiriches",0,1,0,0
"663","Krafth",0,1,0,0
"824","Adjapong",0,1,0,0
"1984","Angella",0,1,0,0
"2015","Letschert",0,1,0,0
"2594","Lemos",0,1,0,0
"2651","Lisandro Lopez",0,1,0,0
"2653","Lykogiannis",0,1,0,0
"2752","Rasmussen",0,1,0,0
"2754","Hancko",0,1,0,0
"2772","Durmisi",0,1,0,0
"2787","Dickmann",0,1,0,0
"4323","Zeegelaar",0,1,0,0
"4329","Nikolaou",0,1,0,0
"261","Ranocchia",0,1,0,0
"583","Heurtaux",0,1,0,0
"770","Pezzella Giu.",0,1,0,0
"1867","Krajnc",0,1,0,0
"2052","Gomez G",0,1,0,0
"2174","Venuti",0,1,0,0
"2212","Vaisanen",0,1,0,0
"2664","El Yamiq",0,1,0,0
"2739","Reca",0,1,0,0
"2747","Paz",0,1,0,0
"2788","Bremer",0,1,0,0
"2797","Junior Tavares",0,1,0,0
"2800","Di Cesare",0,1,0,0
"2817","Untersee",0,1,0,0
"2829","Valjent",0,1,0,0
"4331","Ibanez",0,1,0,0
"4339","Wilmot",0,1,0,0
"319","Basta",0,1,0,0
"362","Simic S",0,1,0,0
"363","Vergara",0,1,0,0
"395","Strinic",0,1,0,0
"575","Adnan",0,1,0,0
"587","Wague",0,1,0,0
"1918","Diks",0,1,0,0
"2087","Olivera M.",0,1,0,0
"2129","Simic L",0,1,0,0
"2182","Rigione",0,1,0,0
"2216","Konate",0,1,0,0
"2300","Leverbe",0,1,0,0
"2312","Hristov",0,1,0,0
"2663","Tanasijevic",0,1,0,0
"2737","Bettella",0,1,0,0
"2740","Varnier",0,1,0,0
"2753","Marcjanik",0,1,0,0
"2757","Lakicevic",0,1,0,0
"2783","Bianda",0,1,0,0
"2834","Brignani",0,1,0,0
"2838","Imperiale",0,1,0,0
"2847","Sernicola",0,1,0,0
"4302","Sierralta",0,1,0,0
"177","Ilicic",0,0,1,1
"704","Perisic",0,0,1,0
"1996","De Paul",0,0,1,0
"467","Nainggolan",0,0,1,0
"2002","Chiesa",0,0,1,1
"645","Milinkovic-Savic",0,0,1,0
"771","Boateng",0,0,1,1
"2085","Luis Alberto",0,0,1,0
"469","Pjanic",0,0,1,0
"152","Zielinski",0,0,1,0
"367","Bonaventura",0,0,1,0
"495","Correa",0,0,1,1
"2200","Douglas Costa",0,0,1,0
"788","Freuler",0,0,1,0
"2194","Calhanoglu",0,0,1,0
"2306","Matuidi",0,0,1,0
"2378","Pastore",0,0,1,0
"2504","Can",0,0,1,0
"2775","Ruiz",0,0,1,0
"342","Parolo",0,0,1,0
"397","Allan",0,0,1,0
"2263","Lazzari",0,1,1,0
"28","Kurtic",0,0,1,0
"299","Khedira",0,0,1,0
"779","Cristante",0,0,1,0
"1850","Kessie",0,0,1,0
"2077","Pasalic",0,0,1,0
"2215","Veretout",0,0,1,0
"148","Krunic",0,0,1,0
"237","Perotti",0,0,1,0
"374","Poli",0,0,1,0
"376","Verdi",0,0,1,0
"530","Pellegrini Lo.",0,0,1,0
"556","Baselli",0,0,1,0
"644","Pulgar",0,0,1,0
"4322","Paqueta'",0,0,1,0
"111","Birsa",0,0,1,0
"184","Bernardeschi",0,0,1,0
"234","Kucka",0,0,1,0
"526","Duncan",0,0,1,0
"557","Benassi",0,0,1,0
"1870","Barella",0,0,1,0
"1874","Joao Pedro",0,0,1,1
"2065","Praet",0,0,1,0
"2287","Ramirez",0,0,1,0
"2639","Bakayoko",0,0,1,0
"2832","Boga",0,0,1,1
"2857","Traore' Hj.",0,0,1,0
"22","De Roon",0,0,1,0
"236","Lazovic",0,0,1,0
"265","Brozovic",0,0,1,0
"338","Lulic",0,0,1,0
"402","Hamsik",0,0,1,0
"621","Romulo",0,0,1,0
"697","Cuadrado",0,1,1,0
"713","Dzemaili",0,0,1,0
"1978","Sensi",0,0,1,0
"1986","Fofana",0,0,1,0
"2124","Zajc",0,0,1,0
"2617","Nzonzi",0,0,1,0
"2789","Meite'",0,0,1,0
"112","Castro",0,0,1,0
"150","Saponara",0,0,1,0
"181","Vecino",0,0,1,0
"238","Rincon",0,0,1,0
"463","De Rossi",0,0,1,0
"633","Fares",0,1,1,0
"801","Gagliardini",0,0,1,0
"827","Locatelli",0,0,1,0
"1967","Gerson",0,0,1,0
"2008","Linetty",0,0,1,0
"2209","Lucas Leiva",0,0,1,0
"2391","Ekdal",0,0,1,0
"2766","Zaniolo",0,0,1,0
"332","Candreva",0,0,1,0
"470","Strootman",0,0,1,0
"702","Giaccherini",0,0,1,0
"1933","Mandragora",0,0,1,0
"2009","Lukic",0,0,1,0
"2166","Bentancur",0,0,1,0
"2188","Marusic",0,1,1,0
"2205","Berenguer",0,0,1,0
"2625","Soriano",0,0,1,0
"2818","Bennacer",0,0,1,0
"202","Chibsah",0,0,1,0
"529","Missiroli",0,0,1,0
"555","Acquah",0,0,1,0
"627","Ionita",0,0,1,0
"651","Maiello",0,0,1,0
"1987","Jankto",0,0,1,0
"2105","Beghetto",0,0,1,0
"2172","Barak",0,0,1,0
"2187","Borini",0,0,1,0
"2265","Schiattarella",0,0,1,0
"2802","Barilla'",0,0,1,0
"21","D'alessandro",0,0,1,0
"115","Hetemaj",0,0,1,0
"170","Badelj",0,0,1,0
"172","Borja Valero",0,0,1,0
"207","Paganini",0,0,1,0
"264","Bessa",0,0,1,0
"331","Biglia",0,0,1,0
"333","Cataldi",0,0,1,0
"433","Hiljemark",0,0,1,0
"1995","Djuricic",0,0,1,0
"2003","Murgia",0,0,1,0
"2011","Miguel Veloso",0,0,1,0
"2078","Joao Mario N.",0,0,1,0
"2154","Vignato",0,0,1,1
"2243","Ciciretti",0,0,1,0
"2274","Valoti",0,0,1,0
"2302","Behrami",0,0,1,0
"2742","Valzania",0,0,1,0
"2771","Berisha V.",0,0,1,0
"2778","Stulac",0,0,1,0
"2804","Scozzarella",0,0,1,0
"2825","Bourabia",0,0,1,0
"2854","Bradaric F.",0,0,1,0
"2863","Fernandes",0,0,1,0
"4334","Piazon",0,0,1,0
"20","Cigarini",0,0,1,0
"27","Grassi",0,0,1,0
"58","Diawara",0,0,1,0
"118","Radovanovic",0,1,1,0
"147","Diousse'",0,0,1,0
"235","Laxalt",0,1,1,0
"301","Padoin",0,0,1,0
"438","Rigoni L",0,0,1,0
"471","Ucan",0,0,1,0
"528","Magnanelli",0,0,1,0
"1858","Krejci",0,0,1,0
"2107","Kiyine",0,0,1,0
"2141","Depaoli",0,1,1,0
"2213","Cassata",0,0,1,0
"2290","Eysseric",0,0,1,0
"2646","Sandro",0,0,1,0
"2659","Dabo",0,0,1,0
"2744","Svanberg",0,0,1,0
"4330","Lerager",0,0,1,0
"4338","Jankovic",0,0,1,0
"56","Brighi",0,0,1,0
"209","Sammarco",0,0,1,0
"276","Biabiany",0,0,1,0
"300","Marchisio",0,0,1,0
"305","Sturaro",0,0,1,0
"405","Valdifiori",0,0,1,0
"560","Obi",0,0,1,0
"626","Hallfredsson",0,0,1,0
"669","Donsah",0,0,1,0
"2076","Rog",0,0,1,0
"2741","Pessina",0,0,1,0
"2855","Vieira",0,0,1,0
"60","Rizzo",0,0,1,0
"81","Di Gaudio",0,0,1,0
"119","Rigoni N",0,0,1,0
"210","Soddimo",0,0,1,0
"494","Barreto",0,0,1,0
"631","Viviani",0,0,1,0
"666","Machin",0,0,1,0
"1859","Nagy",0,0,1,0
"1871","Deiola",0,0,1,0
"2058","Sanchez C",0,0,1,0
"2193","Gonalons",0,0,1,0
"2652","Everton Luiz",0,0,1,0
"2856","Rolon",0,0,1,0
"2866","Vloet",0,0,1,0
"4327","Oliva",0,0,1,0
"205","Gori",0,0,1,0
"366","Bertolacci",0,0,1,0
"589","Badu",0,0,1,0
"1976","Mazzitelli",0,0,1,0
"2210","Falletti",0,0,1,0
"2332","Bruno Jordao",0,0,1,0
"2760","Callegari",0,0,1,0
"2803","Scavone",0,0,1,0
"2830","Norgaard",0,0,1,0
"4349","Nicolussi Caviglia",0,0,1,0
"57","Crisetig",0,0,1,0
"173","Capezzi",0,0,1,0
"371","Mauri J",0,0,1,0
"400","Dezi",0,0,1,0
"600","Verre",0,0,1,0
"1872","Dessena",0,0,1,0
"2075","Cristoforo",0,0,1,0
"2133","Valencia Jm",0,0,1,0
"2183","Garritano",0,0,1,0
"2191","Ingelsson",0,0,1,0
"2811","Kone'",0,0,1,0
"2828","Colombatto",0,0,1,0
"2833","Kulusevski",0,0,1,0
"2877","Burruchaga",0,0,1,0
"83","Lollo",0,0,1,0
"174","Diakhate",0,0,1,0
"372","Montolivo",0,0,1,0
"599","Pontisso",0,0,1,0
"726","Vitale",0,0,1,0
"813","Balic",0,0,1,0
"1873","Di Gennaro D",0,0,1,0
"1875","Munari",0,0,1,0
"1936","Minala",0,0,1,0
"2144","Coulibaly M.",0,0,1,0
"2185","Gaudino",0,0,1,0
"2293","Omeonga",0,0,1,0
"2725","Caligara",0,0,1,0
"2732","Stijepovic",0,0,1,0
"2774","Halilovic",0,0,1,0
"2780","Coric",0,0,1,0
"2785","Peeters",0,0,1,0
"2835","Kingsley",0,0,1,0
"2843","Emmers",0,0,1,0
"2846","Baumgartner",0,0,1,0
"2848","Frattesi",0,0,1,0
"2850","Katuma",0,0,1,0
"2852","Riccardi",0,0,1,0
"4353","Montiel",0,0,1,0
"2610","Ronaldo",0,0,0,1
"568","Quagliarella",0,0,0,1
"410","Mertens",0,0,0,1
"608","Zapata D.",0,0,0,1
"785","Immobile",0,0,0,1
"2756","Piatek",0,0,0,1
"441","Belotti",0,0,0,1
"277","Icardi",0,0,0,1
"408","Higuain",0,0,0,1
"475","Iago Falque",0,0,0,1
"647","Dzeko",0,0,0,1
"2012","Milik",0,0,0,1
"26","Gomez",0,0,1,1
"247","Pavoletti",0,0,0,1
"309","Dybala",0,0,0,1
"312","Mandzukic",0,0,0,1
"409","Insigne",0,0,0,1
"383","Petagna",0,0,0,1
"406","Callejon",0,0,1,1
"507","Muriel",0,0,0,1
"643","Defrel",0,0,0,1
"375","Suso",0,0,1,1
"795","El Shaarawy",0,0,1,1
"2201","Under",0,0,1,1
"2819","Caputo",0,0,0,1
"345","Keita B.",0,0,0,1
"407","Gabbiadini",0,0,0,1
"531","Berardi",0,0,0,1
"123","Inglese",0,0,0,1
"2061","Simeone",0,0,0,1
"2267","Antenucci",0,0,0,1
"90","Lasagna",0,0,0,1
"474","Gervinho",0,0,0,1
"536","Politano",0,0,1,1
"2167","Orsolini",0,0,1,1
"4324","Okaka",0,0,0,1
"315","Zaza",0,0,0,1
"652","Kalinic",0,0,0,1
"1879","Farias",0,0,0,1
"2743","Santander",0,0,0,1
"2764","Martinez L.",0,0,0,1
"183","Babacar",0,0,0,1
"280","Palacio",0,0,0,1
"478","Ljajic",0,0,0,1
"2155","Cutrone",0,0,0,1
"2692","Castillejo",0,0,1,1
"2779","Kluivert",0,0,1,1
"472","Destro",0,0,0,1
"537","Sansone",0,0,0,1
"2284","Caicedo",0,0,0,1
"1958","Caprari",0,0,0,1
"1974","Schick",0,0,0,1
"212","Ciofani D",0,0,0,1
"382","Niang",0,0,0,1
"447","La Gumina",0,0,0,1
"479","Sanabria",0,0,0,1
"1857","Di Francesco F.",0,0,1,1
"1998","Pjaca",0,0,0,1
"2175","Andre' Silva",0,0,0,1
"2762","Kouame'",0,0,0,1
"2812","Ciano",0,0,0,1
"2826","Pussetto",0,0,0,1
"245","Pandev",0,0,0,1
"2038","Pinamonti",0,0,0,1
"2097","Kean",0,0,0,1
"532","Falcinelli",0,0,0,1
"533","Floccari",0,0,0,1
"637","Siligardi",0,0,0,1
"2327","Stepinski",0,0,0,1
"2719","Barrow",0,0,0,1
"2776","Younes",0,0,1,1
"2868","Rigoni E",0,0,0,1
"126","Paloschi",0,0,0,1
"127","Pellissier",0,0,0,1
"2195","Ounas",0,0,0,1
"2325","Karamoh",0,0,0,1
"2827","Machis",0,0,0,1
"2858","Galano",0,0,0,1
"2859","Mirallas",0,0,0,1
"2867","Campbell",0,0,0,1
"2873","Teodorczyk",0,0,0,1
"4337","Oberlin",0,0,0,1
"124","Meggiorini",0,0,0,1
"606","Thereau",0,0,0,1
"1882","Sau",0,0,0,1
"1939","Lapadula",0,0,0,1
"2198","Kownacki",0,0,0,1
"213","Dionisi F.",0,0,0,1
"344","Djordjevic",0,0,0,1
"819","Favilli",0,0,0,1
"2146","Han",0,0,0,1
"2246","Ceravolo",0,0,0,1
"380","Matri",0,0,0,1
"605","Perica",0,0,0,1
"1982","Parigini",0,0,1,1
"2163","Cornelius",0,0,0,1
"2317","Brignola",0,0,0,1
"2334","Leris",0,0,1,1
"2658","Medeiros",0,0,0,1
"2773","Sprocati",0,0,0,1
"306","Cerri",0,0,0,1
"789","Trotta",0,0,0,1
"1988","Ewandro",0,0,0,1
"2196","Galabinov",0,0,0,1
"2750","Mraz",0,0,0,1
"2791","Vizeu",0,0,0,1
"4333","Despodov",0,0,0,1
"154","Mchedlidze",0,0,0,1
"156","Pucciarelli",0,0,0,1
"778","Tumminello",0,0,0,1
"1839","Edera",0,0,0,1
"2100","Okwonkwo",0,0,0,1
"2114","Petkovic",0,0,0,1
"2333","Pedro Neto",0,0,0,1
"2841","Vlahovic",0,0,0,1
"4335","Schiappacasse",0,0,0,1
"215","Verde",0,0,0,1
"718","Rodriguez A",0,0,0,1
"2013","Ricci F.",0,0,0,1
"2073","Ragusa",0,0,0,1
"2207","Zekhnini",0,0,0,1
"2650","Avenatti",0,0,0,1
"2765","Odgaard",0,0,0,1
"2807","Da Cruz",0,0,0,1
"2878","Dalmonte",0,0,0,1
"4359","Piccoli",0,0,0,1
"2040","Lombardi",0,0,0,1
"2108","Rossi A",0,0,0,1
"2137","Scamacca",0,0,0,1
"2152","Jakupovic",0,0,0,1
"2304","Salcedo E.",0,0,0,1
"2794","Micin",0,0,0,1
"2805","Baraye",0,0,0,1
"2806","Calaio'",0,0,0,1
"2839","Sottil",0,0,1,1
"2840","Graiciar",0,0,0,1
"2842","Zanimacchia",0,0,0,1
"2844","Colidio",0,0,0,1
"2849","Damascan",0,0,0,1
"2853","Moncini",0,0,0,1
"2872","Ardaiz",0,0,0,1
"4346","Millico",0,0,0,1
"4347","Doratiotto",0,0,0,1
"2211","Silvestri",1,0,0,0
"4419","Pau Lopez",1,0,0,0
"4425","Joronen",1,0,0,0
"282","Buffon",1,0,0,0
"4441","Andrenacci",1,0,0,0
"3","Radunovic",1,0,0,0
"42","Sarr M.",1,0,0,0
"220","Ujkani",1,0,0,0
"412","Colombi",1,0,0,0
"654","Alastra",1,0,0,0
"2096","Cucchietti",1,0,0,0
"2270","Zaccagno",1,0,0,0
"2294","Cerofolini",1,0,0,0
"2809","Vigorito",1,0,0,0
"4410","Borghetto",1,0,0,0
"4440","Alfonso",1,0,0,0
"4468","Bleve",1,0,0,0
"4469","Milli",1,0,0,0
"4485","Thiam D.",1,0,0,0
"4491","Berardi A.",1,0,0,0
"4518","Russo A.",1,0,0,0
"4520","Letica",1,0,0,0
"4523","Avogadri",1,0,0,0
"4525","Gemello",1,0,0,0
"4867","Turati",1,0,0,0
"4878","Begovic",1,0,0,0
"4883","Breza",1,0,0,0
"4889","Chironi",1,0,0,0
"4929","Ciocci",1,0,0,0
"2707","Young",0,1,0,0
"4292","Hernandez T.",0,1,0,0
"581","Faraoni",0,1,0,0
"4245","Smalling",0,1,0,0
"546","Bruno Peres",0,1,0,0
"4428","De Ligt",0,1,0,0
"4521","Muldur",0,1,0,0
"2446","Donati",0,1,0,0
"2525","Darmian",0,1,0,0
"4516","Skrtel",0,1,0,0
"791","Sabelli",0,1,0,0
"2572","Godin",0,1,0,0
"4409","Rrahmani",0,1,0,0
"4530","Kyriakopoulos",0,1,0,0
"4895","Yoshida",0,1,0,0
"2184","Gravillon",0,1,0,0
"4237","Danilo",0,1,0,0
"4421","Augello",0,1,0,0
"4422","Tomiyasu",0,1,0,0
"4426","Toljan",0,1,0,0
"4495","Kumbulla",0,1,0,0
"4891","Soumaoro",0,1,0,0
"139","Dermaku",0,1,0,0
"2241","Lucioni",0,1,0,0
"2633","Kjaer",0,1,0,0
"4412","Rodrigo Becao",0,1,0,0
"4429","Chancellor",0,1,0,0
"4470","Calderoni",0,1,0,0
"4899","Singo",0,1,0,0
"84","Marrone",0,1,0,0
"4920","Papetti",0,1,0,0
"423","Rispoli",0,1,0,0
"1896","Martella",0,1,0,0
"4373","Mateju",0,1,0,0
"4399","Vera",0,1,0,0
"4407","Igor",0,1,0,0
"4444","Semprini",0,1,0,0
"4472","Meccariello",0,1,0,0
"4529","Ankersen",0,1,0,0
"4888","Sutalo",0,1,0,0
"4945","Calafiori",0,1,0,0
"259","Murillo",0,1,0,0
"554","Zappacosta",0,1,0,0
"1979","Barreca",0,1,0,0
"4374","Walukiewicz",0,1,0,0
"4401","Gabbia",0,1,0,0
"4403","Chabot",0,1,0,0
"4414","Denswil",0,1,0,0
"4442","Cistana",0,1,0,0
"4492","Balkovec",0,1,0,0
"4504","Mangraviti",0,1,0,0
"4526","Arana",0,1,0,0
"4925","Carboni",0,1,0,0
"5","Almici",0,1,0,0
"47","Gastaldello",0,1,0,0
"457","Crescenzi",0,1,0,0
"805","Fiamozzi",0,1,0,0
"2724","Buongiorno",0,1,0,0
"4365","Corbo",0,1,0,0
"4366","Armini",0,1,0,0
"4375","Terzic",0,1,0,0
"4378","Ranieri L.",0,1,0,0
"4386","Sala M",0,1,0,0
"4391","Casasola",0,1,0,0
"4392","Rizzo N",0,1,0,0
"4397","Vavro",0,1,0,0
"4398","Benzar",0,1,0,0
"4406","Tripaldelli",0,1,0,0
"4420","Bocchetti",0,1,0,0
"4432","Okoli",0,1,0,0
"4438","Cassandro",0,1,0,0
"4443","Curcio",0,1,0,0
"4454","Pinna",0,1,0,0
"4458","Candela",0,1,0,0
"4467","Jorge Silva",0,1,0,0
"4473","Riccardi D",0,1,0,0
"4480","Minelli",0,1,0,0
"4481","Bouah",0,1,0,0
"4487","Ferigra",0,1,0,0
"4488","Gilli",0,1,0,0
"4493","Dawidowicz",0,1,0,0
"4494","Empereur",0,1,0,0
"4496","Vitale L",0,1,0,0
"4502","Gallo",0,1,0,0
"4509","Cipriano",0,1,0,0
"4511","Duarte",0,1,0,0
"4519","Cetin",0,1,0,0
"4528","Gasolina Wesley",0,1,0,0
"4881","Czyborra",0,1,0,0
"4887","Bellanova",0,1,0,0
"4897","Pirola",0,1,0,0
"4917","Prodl",0,1,0,0
"65","Mancosu",0,0,1,0
"2529","Mkhitaryan",0,0,1,0
"4427","Malinovskyi",0,0,1,0
"2409","Ribery",0,0,1,1
"4377","Castrovilli",0,0,1,0
"4514","Nandez",0,0,1,0
"2556","Eriksen",0,0,1,0
"632","Zaccagni",0,0,1,0
"4449","Tonali",0,0,1,0
"4522","Amrabat",0,0,1,0
"2472","Ramsey",0,0,1,0
"2488","Moses",0,0,1,0
"4512","Schone",0,0,1,0
"4524","Sema",0,0,1,0
"4287","Lobotka",0,0,1,0
"4423","Hernani",0,0,1,0
"4486","Strefezza",0,0,1,0
"179","Petriccione",0,0,1,0
"2379","Rabiot",0,0,1,0
"4725","Demme",0,0,1,0
"4892","Saelemaekers",0,0,1,0
"4475","Majer",0,0,1,0
"4479","Elmas",0,0,1,0
"4513","Zmrhal",0,0,1,0
"4869","Dominguez",0,0,1,0
"430","Brugman",0,0,1,0
"4400","Shakhov",0,0,1,0
"4476","Tabanelli",0,0,1,0
"4886","Pereiro",0,0,1,0
"272","Medel",0,1,1,0
"434","Jajalo",0,0,1,0
"4384","Jagiello",0,0,1,0
"4435","Colley E.",0,0,1,1
"4445","Bisoli",0,0,1,0
"4448","Spalek",0,0,1,0
"241","Tachtsidis",0,0,1,0
"2057","Gustafson",0,0,1,0
"2392","Walace",0,0,1,0
"4228","Ghezzal",0,0,1,0
"4404","Thorsby",0,0,1,0
"4424","Jony",0,0,1,0
"4474","Haye",0,0,1,0
"4880","Bjarnason",0,0,1,0
"4890","Tameze",0,0,1,0
"4385","Lazaro",0,1,1,0
"4390","Anderson D.",0,0,1,0
"4393","Schouten",0,0,1,0
"4405","Maroni",0,0,1,0
"4447","Ndoj",0,0,1,0
"4459","Rovella",0,0,1,0
"4501","Obiang",0,0,1,0
"4515","Agudelo",0,0,1,0
"4885","Villar",0,0,1,0
"4896","Maldini",0,0,1,0
"4921","Askildsen",0,0,1,0
"2106","Morosini",0,0,1,0
"2157","Biancu",0,0,1,0
"2389","Imbula",0,0,1,0
"2726","Danzi",0,0,1,0
"4362","Beloko",0,0,1,0
"4364","Gaetano",0,0,1,0
"4370","Portanova",0,0,1,0
"4376","Zurkowski",0,0,1,0
"4383","Zennaro",0,0,1,0
"4389","Anderson A.",0,0,1,0
"4411","Agoume",0,0,1,0
"4450","Tremolada",0,0,1,0
"4451","Viviani M.",0,0,1,0
"4460","Schafer",0,0,1,0
"4465","Fagioli",0,0,1,0
"4490","De Angelis",0,0,1,0
"4498","Henderson L.",0,0,1,0
"4499","Lucas Felippe",0,0,1,0
"4506","Lakti",0,0,1,0
"4868","Tunjov",0,0,1,0
"4882","Eriksson",0,0,1,0
"2531","Lukaku",0,0,0,1
"2530","Ibrahimovic",0,0,0,1
"186","Rebic",0,0,0,1
"2475","Sanchez",0,0,0,1
"4453","Torregrossa",0,0,0,1
"658","Falco",0,0,0,1
"4510","Rafael Leao",0,0,0,1
"505","Bonazzoli",0,0,0,1
"4500","Di Carmine",0,0,0,1
"4452","Donnarumma Al.",0,0,0,1
"4371","Raspadori",0,0,0,1
"311","Llorente",0,0,0,1
"4477","La Mantia",0,0,0,1
"4517","Lozano",0,0,0,1
"4884","Carles Perez",0,0,1,1
"4894","Haraslin",0,0,1,1
"696","Balotelli",0,0,0,1
"1943","Nestorovski",0,0,0,1
"4368","Juwara",0,0,0,1
"4430","Cristo",0,0,0,1
"2324","Lee",0,0,0,1
"4455","Ragatzu",0,0,0,1
"636","Pazzini",0,0,0,1
"4381","Gumus",0,0,0,1
"4388","Adekanye",0,0,0,1
"4415","Skov Olsen",0,0,1,1
"92","Matos",0,0,0,1
"281","Puscas",0,0,0,1
"4413","Aye'",0,0,0,1
"4879","Skrabb",0,0,0,1
"767","Tupta",0,0,0,1
"2048","Lo Faso",0,0,0,1
"2657","Antonucci",0,0,0,1
"4387","Adorante",0,0,0,1
"4436","Cambiaghi",0,0,0,1
"4463","Esposito",0,0,0,1
"4464","Merola",0,0,0,1
"4483","Cangiano",0,0,0,1
"4489","Rauti",0,0,0,1
"4507","Tutino",0,0,0,1
"4508","Bahlouli",0,0,0,1
"4527","Pedro G.",0,0,0,1
"4862","Diallo Am.",0,0,0,1
"4865","Cleonise",0,0,0,1
"4923","Colombo",0,0,0,1
"4940","Gagliano",0,0,0,1
"4964","Vicario",1,0,0,0
"4957","Montipo'",1,0,0,0
"4996","Pandur",1,0,0,0
"1890","Festa",1,0,0,0
"5289","Crespi",1,0,0,0
"1889","Cordaz",1,0,0,0
"5005","Zoet",1,0,0,0
"5320","Paleari",1,0,0,0
"160","Tatarusanu",1,0,0,0
"1921","Zima L.",1,0,0,0
"2722","Ravaglia F.",1,0,0,0
"4431","Carnesecchi",1,0,0,0
"4955","Gori P.",1,0,0,0
"4956","Manfredini",1,0,0,0
"4977","Ravaglia",1,0,0,0
"4980","Desjardins",1,0,0,0
"4981","Krapikas",1,0,0,0
"5304","Boer",1,0,0,0
"5306","Alia",1,0,0,0
"5333","Gasparini",1,0,0,0
"5338","Rinaldi",1,0,0,0
"5345","Farelli",1,0,0,0
"4160","Hakimi",0,1,0,0
"4751","Tomori",0,1,0,0
"4998","Molina N.",0,1,0,0
"74","Letizia",0,1,0,0
"5332","Bastoni S.",0,1,0,0
"4242","Dalot",0,1,0,0
"4461","Zappa",0,1,0,0
"4982","Erlic",0,1,0,0
"4994","Vojvoda",0,1,0,0
"5375","Maehle",0,1,0,0
"4958","Caldirola",0,1,0,0
"5010","Ismajli",0,1,0,0
"548","Glik",0,1,0,0
"2252","Marchizza",0,1,0,0
"5323","Martinez Quarta",0,1,0,0
"425","Terzi",0,1,0,0
"4967","Golemic",0,1,0,0
"4999","Ouwejan",0,1,0,0
"5000","Magallan",0,1,0,0
"454","Capradossi",0,1,0,0
"2143","Cuomo",0,1,0,0
"4934","Lovato",0,1,0,0
"4960","Tuia",0,1,0,0
"4976","Kalulu",0,1,0,0
"4983","Ferrer",0,1,0,0
"4985","Vignali",0,1,0,0
"5307","Valenti",0,1,0,0
"5326","Busi",0,1,0,0
"4959","Foulon",0,1,0,0
"4966","Gigliotti",0,1,0,0
"4979","Ayhan",0,1,0,0
"4984","Ramos",0,1,0,0
"5293","Mojica",0,1,0,0
"5327","Osorio",0,1,0,0
"5353","Balogh",0,1,0,0
"5355","Udogie",0,1,0,0
"5376","Pastina",0,1,0,0
"5377","Ricci G.",0,1,0,0
"5381","Dierckx",0,1,0,0
"5385","Zagaritis",0,1,0,0
"5398","Reynolds",0,1,0,0
"5399","Antov",0,1,0,0
"324","Hoedt",0,1,0,0
"394","Maggio",0,1,0,0
"514","Antei",0,1,0,0
"1950","Mazzotta",0,1,0,0
"4946","Frabotta",0,1,0,0
"4950","Dalle Mura",0,1,0,0
"4961","Volta",0,1,0,0
"4972","Vagiannidis",0,1,0,0
"4997","Ruegg",0,1,0,0
"5006","Piccini",0,1,0,0
"5300","Hickey",0,1,0,0
"5316","Amione",0,1,0,0
"5354","Ruggeri",0,1,0,0
"5365","Dragusin",0,1,0,0
"5379","Onguene'",0,1,0,0
"5406","Di Pardo",0,1,0,0
"5408","Ghislandi",0,1,0,0
"5424","Amey",0,1,0,0
"440","Viola",0,0,1,0
"302","Pereyra",0,0,1,0
"4973","Mckennie",0,0,1,0
"5001","Miranchuk",0,0,1,0
"4825","Diaz B.",0,0,1,0
"4988","Maggiore",0,0,1,0
"5298","Pobega",0,0,1,0
"4965","Marin",0,0,1,0
"4978","Damsgaard",0,0,1,0
"5007","Ilic",0,0,1,0
"2414","Vidal",0,0,1,0
"1851","Molina S.",0,0,1,0
"4681","Lopez M.",0,0,1,0
"4990","Ricci M.",0,0,1,0
"5287","Arslan",0,0,1,0
"4285","Arthur",0,0,1,0
"2316","Zanellato",0,0,1,0
"2703","Adrien Silva",0,0,1,0
"4249","Pereira A.",0,0,1,0
"5290","Estevez",0,0,1,0
"5312","Leo' Sena",0,0,1,0
"5002","Vulic",0,0,1,0
"5286","Akpa Akpro",0,0,1,0
"5317","Brunetta",0,0,1,0
"428","Benali",0,0,1,0
"772","Kragl",0,0,1,0
"1915","Tello",0,0,1,0
"2121","Melegoni",0,0,1,0
"5328","Gojak",0,0,1,0
"4975","Escalante",0,0,1,0
"4987","Bartolomei",0,0,1,0
"5319","Sohm",0,0,1,0
"5329","Makengo",0,0,1,0
"5420","Darboe",0,0,1,0
"4995","Segre",0,0,1,0
"5008","Eduardo Henrique",0,0,1,0
"5318","Tramoni M.",0,0,1,0
"5346","Rojas",0,0,1,0
"5397","Kovalenko",0,0,1,0
"5422","Zalewski",0,0,1,0
"2244","Del Pinto",0,0,1,0
"2264","Mora",0,0,1,0
"2286","Crociata",0,0,1,0
"2357","Cyprien",0,0,1,0
"2733","Sanogo",0,0,1,0
"4919","Baldursson",0,0,1,0
"4935","Ladinetti",0,0,1,0
"4953","Palumbo",0,0,1,0
"4968","Gomelt",0,0,1,0
"4969","Mustacchio",0,0,1,0
"4986","Acampora",0,0,1,0
"4989","Mastinu",0,0,1,0
"5331","Basit",0,0,1,0
"5341","Eyango",0,0,1,0
"5421","Camara D.",0,0,1,0
"5423","Bove",0,0,1,0
"5425","Urbanski",0,0,1,0
"5438","Kosznovszky",0,0,1,0
"5443","Diambo",0,0,1,0
"1997","Simy",0,0,0,1
"4661","Osimhen",0,0,0,1
"313","Morata",0,0,0,1
"5233","Mayoral",0,0,0,1
"5336","Nzola",0,0,0,1
"4970","Messias",0,0,1,1
"5311","Shomurodov",0,0,0,1
"4992","Gyasi",0,0,1,1
"2489","Pedro",0,0,0,1
"5322","Mihaila",0,0,0,1
"4963","Insigne R.",0,0,0,1
"5394","Gaich",0,0,0,1
"5393","Man",0,0,1,1
"5401","Pelle'",0,0,0,1
"5004","Forestieri",0,0,0,1
"5292","Lammers",0,0,0,1
"5012","Muriqi",0,0,0,1
"5310","Hauge",0,0,0,1
"2119","Deulofeu",0,0,0,1
"4962","Improta",0,0,0,1
"5009","Riviere",0,0,0,1
"5395","Braaf",0,0,0,1
"5086","Zirkzee",0,0,0,1
"5391","Kokorin",0,0,0,1
"5003","Kargbo",0,0,0,1
"5352","Di Serio",0,0,0,1
"5415","Traore' C.",0,0,0,1
"5439","Kallon",0,0,0,1
"4938","Moro",0,0,0,1
"4991","Gudjohnsen",0,0,0,1
"5011","Dragus",0,0,0,1
"5013","Asoro",0,0,0,1
"5060","Ake' M.",0,0,0,1
"5297","Luvumbo",0,0,0,1
"5303","Males",0,0,0,1
"5361","Rabbi",0,0,0,1
"5378","Oddei",0,0,0,1
"5414","Karamoko Is.",0,0,0,1
"5419","Correia",0,0,0,1
"5436","Raimondo",0,0,0,1
"4312","Maignan",1,0,0,0
"4270","Rui Patricio",1,0,0,0
"5478","Maenpaa",1,0,0,0
"5528","Zovko",1,0,0,0
"158","Lezzerini",1,0,0,0
"481","Brignoli",1,0,0,0
"1947","Fiorillo",1,0,0,0
"2628","Romero S.",1,0,0,0
"5448","Furlan",1,0,0,0
"5502","Adamonis",1,0,0,0
"5518","Marfella",1,0,0,0
"5521","Bertinato",1,0,0,0
"5682","Molla",1,0,0,0
"5704","Russo",1,0,0,0
"5707","Piana",1,0,0,0
"5713","Neri",1,0,0,0
"5513","Dumfries",0,1,0,0
"4904","Mari'",0,1,0,0
"5675","Theate",0,1,0,0
"5526","Scalvini",0,1,0,0
"5479","Ceccaroni",0,1,0,0
"5514","Vasquez",0,1,0,0
"5520","Cambiaso",0,1,0,0
"5447","Altare",0,1,0,0
"5449","Parisi",0,1,0,0
"5481","Mazzocchi",0,1,0,0
"5695","Haps",0,1,0,0
"2614","Odriozola",0,1,0,0
"4433","Zortea",0,1,0,0
"5450","Stojanovic",0,1,0,0
"5498","Casale",0,1,0,0
"5686","Soppy",0,1,0,0
"5748","Hefti",0,1,0,0
"4185","Maitland-Niles",0,1,0,0
"4719","Ampadu",0,1,0,0
"5475","Amian",0,1,0,0
"5693","Kiwior",0,1,0,0
"5750","Ostigard",0,1,0,0
"660","Gyomber",0,1,0,0
"4775","Tuanzebe",0,1,0,0
"5509","Vina",0,1,0,0
"5677","Perez N.",0,1,0,0
"5691","Zima",0,1,0,0
"5718","Viti",0,1,0,0
"5480","Ebuehi",0,1,0,0
"5484","Svoboda",0,1,0,0
"5527","Zanoli",0,1,0,0
"5804","Cacace",0,1,0,0
"758","Mantovani",0,1,0,0
"2206","Felicioli",0,1,0,0
"2328","Vanheusden",0,1,0,0
"2453","Nastasic",0,1,0,0
"2668","Retsos",0,1,0,0
"5445","Binks",0,1,0,0
"5456","Ferrarini",0,1,0,0
"5461","Kamenovic",0,1,0,0
"5463","Aya",0,1,0,0
"5464","Bogdan",0,1,0,0
"5466","Strandberg",0,1,0,0
"5482","Modolo",0,1,0,0
"5503","Kechrida",0,1,0,0
"5524","Serpe",0,1,0,0
"5678","Holm",0,1,0,0
"5747","Ruan",0,1,0,0
"5764","Coppola D.",0,1,0,0
"5793","Kasius",0,1,0,0
"2115","Delli Carri",0,1,0,0
"4758","Benkovic",0,1,0,0
"4932","Ballarini",0,1,0,0
"5017","Ballo-Toure'",0,1,0,0
"5465","Sy",0,1,0,0
"5473","Kaique Rocha",0,1,0,0
"5483","Schnegg",0,1,0,0
"5701","Obert",0,1,0,0
"5739","De Winter",0,1,0,0
"5773","Ullmann",0,1,0,0
"5820","Bertola",0,1,0,0
"5451","Bajrami",0,0,1,0
"335","Felipe Anderson",0,0,1,0
"1980","Aramu",0,0,1,0
"5685","Koopmeiners",0,0,1,0
"1972","Torreira",0,0,1,0
"5119","Samardzic",0,0,1,0
"4658","Ikone'",0,0,1,0
"5759","Oliveira",0,0,1,0
"2432","Zakaria",0,0,1,0
"5457","Maleh",0,0,1,0
"5486","Crnigoj",0,0,1,0
"4220","Zambo Anguissa",0,0,1,0
"4693","Amiri",0,0,1,0
"5788","Sabiri",0,0,1,0
"5792","Ederson D.s.",0,0,1,0
"2253","Bandinelli",0,0,1,0
"5719","Asllani",0,0,1,0
"5800","Gudmundsson A.",0,0,1,1
"2117","Kastanos",0,0,1,0
"5453","Ricci S.",0,0,1,0
"5504","Coulibaly L.",0,0,1,0
"5507","Busio",0,0,1,0
"5791","Frendrup",0,0,1,0
"4701","Cuisance",0,0,1,0
"5490","Peretz",0,0,1,0
"5499","Hongla",0,0,1,0
"5511","Matheus Henrique",0,0,1,0
"5674","Basic",0,0,1,0
"5784","Aebischer",0,0,1,0
"5798","Bohinen",0,0,1,0
"5470","Schiavone",0,0,1,0
"5488","Fiordilino",0,0,1,0
"5491","Taugourdeau",0,0,1,0
"5508","Vacca",0,0,1,0
"5705","Galdames",0,0,1,0
"2161","Haas",0,0,1,0
"5462","Ciervo",0,0,1,0
"5468","Cavion",0,0,1,0
"5813","Miretti",0,0,1,0
"5487","Heymans",0,0,1,0
"5492","Tessmann",0,0,1,0
"5501","Sigurdsson A.",0,0,1,0
"5510","Romero L.",0,0,1,0
"5688","Harroui",0,0,1,0
"5722","Nguiamba",0,0,1,0
"5444","Cortinovis",0,0,1,0
"5452","Damiani",0,0,1,0
"5467","Boultam",0,0,1,0
"5469","Di Tacchio",0,0,1,0
"5476","Kornvig",0,0,1,0
"5485","Bjarkason",0,0,1,0
"5489","Pecile",0,0,1,0
"5516","Bianco",0,0,1,0
"5517","Yepes",0,0,1,0
"5519","Sher",0,0,1,0
"5684","Toure' A.",0,0,1,0
"5689","Ihattaren",0,0,1,0
"5725","Kone B.",0,0,1,0
"5735","Volpato",0,0,1,0
"5789","Praszelik",0,0,1,0
"2544","Abraham",0,0,0,1
"4200","Giroud",0,0,0,1
"4268","Arnautovic",0,0,0,1
"4179","Gonzalez N.",0,0,0,1
"4184","Brekalo",0,0,0,1
"5694","Beto",0,0,0,1
"5786","Cabral",0,0,0,1
"5676","Success",0,0,0,1
"5529","Henry",0,0,0,1
"5471","Djuric",0,0,0,1
"5515","Okereke",0,0,0,1
"649","Manaj",0,0,0,1
"5797","Nsame",0,0,0,1
"5755","Yeboah",0,0,0,1
"2323","Nani",0,0,0,1
"5714","Gondo",0,0,0,1
"5796","Supryaga",0,0,0,1
"5801","Mousset",0,0,0,1
"5496","Johnsen",0,0,0,1
"5807","Jovane",0,0,0,1
"2103","Pellegri",0,0,0,1
"5454","Mancuso",0,0,0,1
"5808","Giovinco",0,0,0,1
"5494","Di Mariano",0,0,0,1
"5500","Cancellieri",0,0,0,1
"5506","Ekuban",0,0,0,1
"5523","Bianchi F.",0,0,0,1
"5673","Antiste",0,0,0,1
"5802","Mikael",0,0,0,1
"5495","Forte",0,0,0,1
"5728","Afena-Gyan",0,0,0,1
"5360","Vergani",0,0,0,1
"5460","Satriano",0,0,0,1
"5477","Warming",0,0,0,1
"5525","Galazzi",0,0,0,1
"5690","Strelec",0,0,0,1
"5716","Podgoreanu",0,0,0,1
"5776","Ceide",0,0,1,1
"5806","Seck",0,0,0,1
"5814","Cisse' M.",0,0,0,1
"2654","Ceter",0,0,0,1
"4936","Manzari",0,0,0,1
"5446","Van Hooijdonk",0,0,0,1
"5455","Moreo",0,0,0,1
"5458","Munteanu",0,0,0,1
"5459","Buksa",0,0,0,1
"5472","Kristoffersen",0,0,0,1
"5493","Bocalon",0,0,0,1
"5505","Kaio Jorge",0,0,0,1
"5512","De Luca",0,0,0,1
"5785","Lazetic",0,0,0,1
"5876","Di Gregorio",1,0,0,0
"5830","Onana",1,0,0,0
"6120","Ochoa",1,0,0,0
"5841","Svilar",1,0,0,0
"6135","Turk",1,0,0,0
"217","Lamanna",1,0,0,0
"511","Perilli",1,0,0,0
"5822","Bagnolini",1,0,0,0
"5832","Luis Maximiano",1,0,0,0
"5853","Sorrentino A.",1,0,0,0
"5887","Ciezkowski",1,0,0,0
"5889","Micai",1,0,0,0
"5890","Chiesa M.",1,0,0,0
"6029","Saro",1,0,0,0
"6125","Vasquez D.",1,0,0,0
"6184","Martinelli T.",1,0,0,0
"5877","Carlos Augusto",0,1,0,0
"6066","Posch",0,1,0,0
"5892","Kim",0,1,0,0
"5862","Valeri",0,1,0,0
"5851","Doig",0,1,0,0
"5835","Baschirotto",0,1,0,0
"6041","Schuurs",0,1,0,0
"5840","Olivera",0,1,0,0
"5847","Bijol",0,1,0,0
"5885","Dodo'",0,1,0,0
"49","Masina",0,1,0,0
"5239","Llorente D.",0,1,0,0
"5867","Gendrey",0,1,0,0
"6046","Hien",0,1,0,0
"2583","Umtiti",0,1,0,0
"5532","Bradaric",0,1,0,0
"6027","Lochoshvili",0,1,0,0
"6047","Ehizibue",0,1,0,0
"6055","Thiaw",0,1,0,0
"5831","Gatti",0,1,0,0
"5838","Birindelli",0,1,0,0
"5848","Ebosele",0,1,0,0
"5856","Sambia",0,1,0,0
"6042","Lucumi'",0,1,0,0
"4657","Celik",0,1,0,0
"5554","Daniliuc",0,1,0,0
"6002","Aiwu",0,1,0,0
"6153","Wisniewski",0,1,0,0
"612","Bianchetti",0,1,0,0
"1898","Sampirisi",0,1,0,0
"5860","Ravanelli",0,1,0,0
"5891","Quagliata",0,1,0,0
"6021","Abankwah",0,1,0,0
"6023","Guessand A.",0,1,0,0
"6039","Cabal",0,1,0,0
"52","Oikonomou",0,1,0,0
"5313","Dest",0,1,0,0
"5603","Pongracic",0,1,0,0
"5833","Gila",0,1,0,0
"5846","Bayeye",0,1,0,0
"6013","Barbieri",0,1,0,0
"6028","Bronn",0,1,0,0
"6064","Hendry",0,1,0,0
"360","Paletta",0,1,0,0
"4870","Adopo",0,1,1,0
"5740","Zanotti",0,1,0,0
"5762","Motoc",0,1,0,0
"5849","Buta",0,1,0,0
"5859","Ndiaye",0,1,0,0
"5861","Fiordaliso",0,1,0,0
"5994","Ebosse",0,1,0,0
"6043","Sosa",0,1,0,0
"6056","Guarino",0,1,0,0
"6118","Moutinho J.",0,1,0,0
"6139","Zeefuik",0,1,0,0
"6149","Carboni F.",0,1,0,0
"5839","Kvaratskhelia",0,0,1,1
"5687","Vlasic",0,0,1,0
"5858","Ferguson",0,0,1,0
"5880","Ciurria",0,0,1,0
"5850","Lovric",0,0,1,0
"5823","Baldanzi",0,0,1,0
"4711","Kostic",0,0,1,0
"5878","Colpani",0,0,1,0
"2528","Matic",0,0,1,0
"2638","Wijnaldum",0,0,1,0
"5063","Radonjic",0,0,1,0
"6054","Moro N.",0,0,1,0
"303","Pogba",0,0,1,0
"6061","Oudin",0,0,1,0
"5870","Hjulmand",0,0,1,0
"5995","De Ketelaere",0,0,1,1
"6025","Vilhena",0,0,1,0
"6112","Iling Junior",0,0,1,0
"5844","Thorstvedt",0,0,1,0
"5869","Blin",0,0,1,0
"4178","Ascacibar",0,0,1,0
"5863","Castagnetti",0,0,1,0
"5999","Gonzalez J.",0,0,1,0
"4342","Duda",0,0,1,0
"4408","Esposito Sa.",0,0,1,0
"5812","Terracciano F.",0,1,1,0
"5834","Marcos Antonio",0,0,1,0
"5884","Ranocchia F.",0,0,1,0
"6033","Normann",0,0,1,0
"468","Paredes",0,0,1,0
"4260","Winks",0,0,1,0
"5879","Vignato S.",0,0,1,0
"6010","Fazzini",0,0,1,0
"4143","Ndombele'",0,0,1,0
"5857","Pickel",0,0,1,0
"5886","Bistrovic",0,0,1,0
"6117","Tahirovic",0,0,1,0
"5772","Pyyhtia",0,0,1,0
"6024","Sulemana I.",0,0,1,0
"6058","Camara Ma.",0,0,1,0
"6162","Abildgaard",0,0,1,0
"5998","Zerbin",0,0,1,0
"6005","Ilkhan",0,0,1,0
"6131","Paoletti",0,0,1,0
"6142","Cipot",0,0,1,0
"6157","Malagrida",0,0,1,0
"694","Baez",0,0,1,0
"1901","Barberis",0,0,1,0
"4943","Horvath",0,0,1,0
"5442","Bertini",0,0,1,0
"5610","Vranckx",0,0,1,0
"5810","Trimboli",0,0,1,0
"5824","Pafundi",0,0,1,0
"5829","Milanese",0,0,1,0
"5855","Tenkorang",0,0,1,0
"5868","Bjorkengren",0,0,1,0
"5872","Helgason",0,0,1,0
"5873","Listkowski",0,0,1,0
"5875","Adli",0,0,1,0
"5888","Casadei",0,0,1,0
"5947","Hrustic",0,0,1,0
"5992","Bondo",0,0,1,0
"5996","Samek",0,0,1,0
"6009","Degli Innocenti",0,0,1,0
"6012","Acella",0,0,1,0
"6017","Tripi",0,0,1,0
"6019","D'andrea",0,0,1,0
"6020","Ellertsson",0,0,1,0
"6057","Garbett",0,0,1,0
"6106","Carboni V.",0,0,1,0
"6168","Faticanti",0,0,1,0
"6170","Gineitis",0,0,1,0
"6175","Barrenechea",0,0,1,0
"4730","Lookman",0,0,0,1
"5672","Dia",0,0,0,1
"6060","Lauriente'",0,0,0,1
"6052","Hojlund",0,0,0,1
"2382","Di Maria",0,0,0,1
"5836","Ceesay",0,0,0,1
"5882","Mota",0,0,0,1
"6026","Dessers",0,0,0,1
"2369","Thauvin",0,0,0,1
"2438","Jovic",0,0,0,1
"5854","Tsadjout",0,0,0,1
"6001","Banda",0,0,0,1
"6119","Solbakken",0,0,0,1
"5842","Botheim",0,0,0,1
"2466","Origi",0,0,0,1
"5071","Jese'",0,0,0,1
"5734","Soule'",0,0,0,1
"5864","Buonaiuto",0,0,0,1
"6145","Ngonge",0,0,0,1
"5845","Alvarez A.",0,0,0,1
"5881","Gytkjaer",0,0,0,1
"5843","Valencia D.",0,0,0,1
"5865","Strizzolo",0,0,0,1
"5837","Voelkerling Persson",0,0,0,1
"5874","Rodriguez P.",0,0,0,1
"6063","Sanca",0,0,0,1
"6113","Montevago",0,0,0,1
"6143","Krollis",0,0,0,1
"6160","Vivaldo",0,0,0,1
"6172","Vorlicky",0,0,0,1
"2428","Sommer",1,0,0,0
"4360","Caprile",1,0,0,0
"5116","Martinez Jo.",1,0,0,0
"6462","Okoye",1,0,0,0
"6482","Mandas",1,0,0,0
"1926","Di Gennaro",1,0,0,0
"188","Leali",1,0,0,0
"219","Sommariva",1,0,0,0
"2338","Costil",1,0,0,0
"6210","Popa",1,0,0,0
"6234","Stubljar",1,0,0,0
"6248","Stankovic F.",1,0,0,0
"6255","Gori",1,0,0,0
"6403","Christensen O.",1,0,0,0
"6406","Borbei",1,0,0,0
"6415","Palmisani",1,0,0,0
"6505","Nava",1,0,0,0
"6509","Gasperini T.",1,0,0,0
"6523","Samooja",1,0,0,0
"6569","Stolz",1,0,0,0
"6217","Bisseck",0,1,0,0
"4210","Mina",0,1,0,0
"4177","Pavard",0,1,0,0
"5555","Kamara H.",0,1,0,0
"6235","Kayode",0,1,0,0
"2640","Kolasinac",0,1,0,0
"4772","Angelino",0,1,0,0
"6148","Kristiansen",0,1,0,0
"6202","Beukema",0,1,0,0
"6230","Dossena",0,1,0,0
"4952","Monterisi",0,1,0,0
"5982","Spence",0,1,0,0
"6257","Dorgu",0,1,0,0
"2593","Martin",0,1,0,0
"4317","N'Dicka",0,1,0,0
"5067","Bakker",0,1,0,0
"6245","Vogliacco",0,1,0,0
"6432","Pierozzi",0,1,0,0
"6485","Kristensen T.",0,1,0,0
"2405","Boateng J.",0,1,0,0
"6211","Zemura",0,1,0,0
"6433","Huijsen",0,1,0,0
"4802","Vinagre",0,1,0,0
"6231","Azzi",0,1,0,0
"6256","Ferreira J.",0,1,0,0
"6576","Centonze",0,1,0,0
"6189","Missori",0,1,0,0
"6220","Kristensen",0,1,0,0
"6426","Pedersen",0,1,0,0
"4263","Kabasele",0,1,0,0
"5533","Djalo'",0,1,0,0
"5757","Cittadini",0,1,0,0
"6238","Oyono",0,1,0,0
"6244","Matturro",0,1,0,0
"6401","Gonzalez F.",0,1,0,0
"6438","Hatzidiakos",0,1,0,0
"6444","Bonfanti",0,1,0,0
"6460","Pellegrino",0,1,0,0
"6464","Wieteska",0,1,0,0
"6465","Touba",0,1,0,0
"6496","Bartesaghi",0,1,0,0
"6533","Giannetti L.",0,1,0,0
"6574","Pasalidis",0,1,0,0
"6208","Flamingo",0,1,0,0
"6223","Smajlovic",0,1,0,0
"6237","Szyminski",0,1,0,0
"6239","Klitten",0,1,0,0
"6253","N'Guessan",0,1,0,0
"6396","Natan",0,1,0,0
"6407","Corazza",0,1,0,0
"6411","Mateus Lusuardi",0,1,0,0
"6430","Kalaj",0,1,0,0
"6474","Sazonov",0,1,0,0
"6495","Comuzzo",0,1,0,0
"6521","Simic J.",0,1,0,0
"6531","Jimenez A.",0,1,0,0
"6537","Goglichidze",0,1,0,0
"6551","Ilic M.",0,1,0,0
"2423","Pulisic",0,0,1,0
"6206","Fabbian",0,0,1,0
"4199","Loftus-Cheek",0,0,1,0
"4947","Brescianini",0,0,1,0
"5919","Tchaouna",0,0,1,0
"6224","Reijnders",0,0,1,0
"6486","Suslov",0,0,1,0
"6252","Folorunsho",0,0,1,0
"4186","Guendouzi",0,0,1,0
"6573","Alcaraz",0,0,1,0
"4142","Aouar",0,0,1,0
"6218","Oristanio",0,0,1,0
"4856","Chukwueze",0,0,1,0
"5564","Ndoye",0,0,1,0
"6225","El Azzouzi",0,0,1,0
"5948","Kamada",0,0,1,0
"6212","Zarraga",0,0,1,0
"6458","Serdar",0,0,1,0
"5093","Reinier",0,0,1,0
"5267","Racic",0,0,1,0
"6424","Prati",0,0,1,0
"6481","Payero",0,0,1,0
"6219","Boloca",0,0,1,0
"6532","Buchanan",0,0,1,0
"6579","Mitrovic S.",0,0,1,0
"4662","Weah",0,0,1,0
"5295","Musah",0,0,1,0
"6222","Rafia",0,0,1,0
"6394","Ramadani",0,0,1,0
"6480","Tchatchoua",0,1,1,0
"2543","Renato Sanches",0,0,1,0
"6216","Mboula",0,0,1,0
"6232","Makoumbou",0,0,1,0
"6241","Gelli",0,0,1,0
"6402","Cajuste",0,0,1,0
"6423","Legowski",0,0,1,0
"6479","Kutlu",0,0,1,0
"6492","Ibrahimovic A.",0,0,1,0
"6562","Dani Silva",0,0,1,0
"4182","Klaassen",0,0,1,0
"5782","Kourfalidis",0,0,1,0
"5949","Lindstrom",0,0,1,0
"6246","Lipani",0,0,1,0
"6410","Kaba",0,0,1,0
"6448","Martegani",0,0,1,0
"500","Lulic K.",0,0,1,0
"4272","Dendoncker",0,0,1,0
"6191","Belahyane",0,0,1,0
"6236","Amatucci",0,0,1,0
"6393","Infantino",0,0,1,0
"6420","Pagano",0,0,1,0
"6582","Gomis I.",0,0,1,0
"4787","Quina",0,0,1,0
"6190","Pisilli",0,0,1,0
"6203","Belardinelli",0,0,1,0
"6221","Camara E.",0,0,1,0
"6233","Lella",0,0,1,0
"6240","Haoudi",0,0,1,0
"6251","Saco",0,0,1,0
"6254","Joselito",0,0,1,0
"6507","Nonge",0,0,1,0
"6563","Popovic",0,0,1,0
"4871","Thuram",0,0,0,1
"6227","Okafor",0,0,0,1
"6228","Retegui",0,0,0,1
"6215","Lucca",0,0,0,1
"6409","Beltran L.",0,0,0,1
"6439","Cheddira",0,0,0,1
"5795","Azmoun",0,0,0,1
"6556","Noslin",0,0,0,1
"6164","Vitinha O.",0,0,0,1
"6226","Castellanos",0,0,0,1
"6229","Toure' E.",0,0,0,1
"6398","Isaksen",0,0,0,1
"6434","Yildiz",0,0,0,1
"6435","Krstovic",0,0,0,1
"6207","Almqvist",0,0,0,1
"6580","Swiderski",0,0,0,1
"5637","Davis K.",0,0,0,1
"6250","Maric",0,0,0,1
"2190","Coda M.",0,0,0,1
"6549","Pierotti",0,0,0,1
"6572","Castro S.",0,0,0,1
"6584","Weissman",0,0,0,1
"6214","Cuni",0,0,0,1
"6425","Ikwuemesi",0,0,0,1
"6213","Brenner",0,0,0,1
"5364","Caso",0,0,0,1
"6205","Mulattieri",0,0,0,1
"6243","Borrelli",0,0,0,1
"6395","Shpendi S.",0,0,0,1
"6459","Karlsson",0,0,1,1
"6558","Tavsan",0,0,0,1
"2122","Latte Lath",0,0,0,1
"6011","Ekong",0,0,0,1
"6204","Kvernadze",0,0,0,1
"6242","Bidaoui",0,0,0,1
"6247","Yalcin",0,0,0,1
"6249","Diaw",0,0,0,1
"6418","Burnete",0,0,0,1
"6419","Corfitzen",0,0,0,1
"6427","Stewart",0,0,0,1
"6490","Cruz",0,0,0,1
"6519","Camarda",0,0,0,1
"6530","Ghedjemis",0,0,0,1
"6565","Ankeye",0,0,0,1
"6583","Kabic",0,0,0,1
"2521","De Gea",1,0,0,0
"6641","Suzuki",1,0,0,0
"6966","Butez",1,0,0,0
"6842","Sava",1,0,0,0
"6682","Pizzignacco",1,0,0,0
"6991","Siegrist",1,0,0,0
"6650","Sherri",1,0,0,0
"6651","Chiorra",1,0,0,0
"6417","Furlanetto",1,0,0,0
"2401","Fruchtl",1,0,0,0
"6661","Chichizola",1,0,0,0
"6662","Corvi",1,0,0,0
"5384","Ryan",1,0,0,0
"6671","Grandi",1,0,0,0
"6813","Torriani",1,0,0,0
"6818","Mazza",1,0,0,0
"6824","Marin Re.",1,0,0,0
"6919","Seghetti",1,0,0,0
"6970","Selvik",1,0,0,0
"797","Marcone",1,0,0,0
"7042","Calligaris",1,0,0,0
"7048","De Marzi",1,0,0,0
"5620","Tavares N.",0,1,0,0
"6664","Delprato",0,1,0,0
"5899","Gigot",0,1,0,0
"4734","Miranda J.",0,1,0,0
"6632","Gaspar K.",0,1,0,0
"6672","Idzes",0,1,0,0
"5022","Pavlovic",0,1,0,0
"6956","Solet",0,1,0,0
"6802","Savona",0,1,0,0
"4665","Maripan",0,1,0,0
"2515","Walker",0,1,0,0
"2602","Varane",0,1,0,0
"6642","Coco",0,1,0,0
"4816","Emerson Royal",0,1,0,0
"6887","Leoni",0,1,0,0
"6893","Kempf",0,1,0,0
"6985","Candè",0,1,0,0
"6766","Kelly L.",0,1,0,0
"5435","Moreno Alb.",0,1,0,0
"5626","Guilbert",0,1,0,0
"6892","Schingtienne",0,1,0,0
"5578","Kossounou",0,1,0,0
"6896","Van Der Brempt",0,1,0,0
"6975","Alberto Costa",0,1,0,0
"6986","Rensch",0,1,0,0
"6990","Veiga D.",0,1,0,0
"6867","Valle",0,1,0,0
"6631","Ghilardi",0,1,0,0
"6809","Marianucci",0,1,0,0
"6814","Norton-Cuffy",0,1,0,0
"6826","Dembele' A.",0,1,0,0
"6883","Jean",0,1,0,0
"6957","Valentini N.",0,1,0,0
"7018","Nelsson",0,1,0,0
"6660","Marcandalli",0,1,0,0
"6665","Coulibaly W.",0,1,0,0
"6832","Palestra",0,1,0,0
"2406","Hummels",0,1,0,0
"6916","Ahanor",0,1,0,0
"7014","Smolcic I.",0,1,0,0
"5324","Godfrey",0,1,0,0
"6638","Marin R.",0,1,0,0
"6663","Circati",0,1,0,0
"6647","Dahl",0,1,0,0
"6673","Sverko",0,1,0,0
"6639","Frese",0,1,0,0
"6679","Esteves G.",0,1,0,0
"6820","Sosa B.",0,1,0,0
"4284","Sergi Roberto",0,1,0,0
"6874","Palacios T.",0,1,0,0
"4807","Hermoso",0,1,0,0
"6965","Lovik",0,1,0,0
"6977","Otoa",0,1,0,0
"6978","Lekovic",0,1,0,0
"6989","Tiago Gabriel",0,1,0,0
"6993","Brorsson",0,1,0,0
"6636","Veroli",0,1,0,0
"6654","Iovine",0,1,0,0
"6637","Kovacik",0,1,0,0
"6659","Lucchesi",0,1,0,0
"2203","Di Chiara",0,1,0,0
"6649","Sangare' B.",0,1,0,0
"6284","Okou",0,1,0,0
"6681","Sagrado",0,1,0,0
"6803","Rouhi",0,1,0,0
"6806","Pelmard",0,1,0,0
"6612","Dellavalle",0,1,0,0
"6885","Abdulhamid",0,1,0,0
"6890","Moreno M.",0,1,0,0
"5900","Toure' I.s.",0,1,0,0
"6944","Jack",0,1,0,0
"6992","Oyegoke",0,1,0,0
"7012","Provstgaard",0,1,0,0
"7011","Slotsager",0,1,0,0
"7020","Salah-Eddine",0,1,0,0
"7031","Scott",0,1,0,0
"7045","Luan Patrick",0,1,0,0
"4777","McTominay",0,0,1,0
"6875","Paz N.",0,0,1,0
"5562","Thuram K.",0,0,1,0
"6831","Neres",0,0,1,0
"5589","Kone' M.",0,0,1,0
"6967","Diao",0,0,1,0
"5559","Da Cunha",0,0,1,0
"6884","Conceicao",0,0,1,0
"6889","Anjorin",0,0,1,0
"5036","Caqueret",0,0,1,0
"6629","Dele-Bashiru",0,0,1,0
"6684","Ekkelenkamp",0,0,1,0
"4686","Fofana Y.",0,0,1,0
"6984","Ondrejka",0,0,1,0
"6674","Andersen M.K.",0,0,1,0
"4911","Douglas Luiz",0,0,1,0
"6634","Tete Morente",0,0,1,0
"6666","Bernabe'",0,0,1,0
"6815","Fadera",0,0,1,0
"6994","Perez K.",0,0,1,0
"6904","Yeboah J.",0,0,1,0
"5131","Gilmour",0,0,1,0
"6917","Masini",0,0,1,0
"6683","Doumbia I.",0,0,1,0
"6821","Hainaut",0,0,1,0
"6015","Berisha M.",0,0,1,0
"6151","Perrone",0,0,1,0
"6908","Atta",0,0,1,0
"4677","Cornet",0,0,1,0
"6761","Veiga R.",0,0,1,0
"6680","Karlstrom",0,0,1,0
"6804","Richardson",0,0,1,0
"6900","Rui Modesto",0,0,1,0
"6640","Felici",0,0,1,0
"6633","Pierret",0,0,1,0
"6676","Engelhardt",0,0,1,0
"6898","Keita M.",0,0,1,0
"6980","Venturino",0,0,1,0
"7028","Bernede",0,0,1,0
"6969","Billing",0,0,1,0
"6538","Onana J.",0,0,1,0
"6524","Zeroli",0,0,1,0
"6299","Le Fee",0,0,1,0
"6920","Martins K.",0,0,1,0
"6294","Ndour",0,0,1,0
"7019","Gourna-Douath",0,0,1,0
"6656","Braunoder",0,0,1,0
"6592","Forson O.",0,0,1,0
"6922","Kasa",0,0,1,0
"6963","Condè",0,0,1,0
"5540","Niasse",0,0,1,0
"7052","Perciun",0,0,1,0
"7060","Cacciamani",0,0,1,0
"6655","Bellemo",0,0,1,0
"6645","Marchwinski",0,0,1,0
"6677","Adzic",0,0,1,0
"6678","Liberali",0,0,1,0
"6819","El Haddad",0,0,1,0
"6834","Cassa",0,0,1,0
"6839","Byar",0,0,1,0
"6618","Cisse' A.",0,0,1,0
"6048","Alidou",0,0,1,0
"6872","Manzoni",0,0,1,0
"6897","Kouda",0,0,1,0
"6891","Vos",0,0,1,0
"6903","Hasa",0,0,1,0
"2553","Alli",0,0,1,0
"7025","Cuenca H.",0,0,1,0
"7008","Gimenez",0,0,0,1
"6675","Dovbyk",0,0,0,1
"6646","Adams C.",0,0,0,1
"5951","Kolo Muani",0,0,0,1
"5079","Pohjanpalo",0,0,0,1
"6895","Dominguez B.",0,0,0,1
"6669","Bonny",0,0,0,1
"6801","Tengstedt",0,0,0,1
"6630","Mosquera",0,0,0,1
"6159","Sarr A.",0,0,0,1
"6643","Dallinga",0,0,0,1
"6833","Mbangula",0,0,0,1
"4811","Joao Felix",0,0,0,1
"7017","Douvikas",0,0,0,1
"6653","Bravo",0,0,0,1
"7016","Coman F.",0,0,0,1
"7022","Fila",0,0,0,1
"7023","Pellegrino M.",0,0,0,1
"6628","Taremi",0,0,0,1
"6822","Ekhator",0,0,0,1
"6670","Charpentier",0,0,0,1
"6644","Rocha Livramento",0,0,0,1
"1842","Pierini",0,0,0,1
"6914","Haj Mohamed",0,0,0,1
"7001","N'Dri",0,0,0,1
"7002","Ganvoula",0,0,0,1
"6598","Mutandwa",0,0,0,1
"6657","Gabrielloni",0,0,0,1
"6667","Benedyczak",0,0,0,1
"6668","Partipilo",0,0,0,1
"6912","Vlahovic V.",0,0,0,1
"6913","Lambourde",0,0,0,1
"6648","Jasim",0,0,0,1
"6658","Gioacchini",0,0,0,1
"6603","Joao Costa",0,0,0,1
"6635","Pizarro",0,0,0,1
"6827","Njie",0,0,0,1
"6910","Kowalski",0,0,0,1
"7015","Pedrola",0,0,0,1
"7026","Salama",0,0,0,1
"7027","Azon",0,0,0,1
