"coach","team","season","player","price","pos"
"Albe","Aston Pirla","2018/2019","Consigli",NA,"P"
"Albe","Aston Pirla","2018/2019","Olsen",NA,"P"
"Albe","Aston Pirla","2018/2019",NA,NA,"P"
"Albe","Aston Pirla","2018/2019","Malcuit",NA,"D"
"Albe","Aston Pirla","2018/2019","Mancini",NA,"D"
"Albe","Aston Pirla","2018/2019","Marlon",NA,"D"
"Albe","Aston Pirla","2018/2019","De Vrij",NA,"D"
"Albe","Aston Pirla","2018/2019","Murillo",NA,"D"
"Albe","Aston Pirla","2018/2019","Ghoulam",NA,"D"
"Albe","Aston Pirla","2018/2019","Conti",NA,"D"
"Albe","Aston Pirla","2018/2019","Castagne/Cionek",NA,"D"
"Albe","Aston Pirla","2018/2019","Matuidi",NA,"C"
"Albe","Aston Pirla","2018/2019","Dzemaili",NA,"C"
"Albe","Aston Pirla","2018/2019","Milinkovic-Savic",NA,"C"
"Albe","Aston Pirla","2018/2019","Ruiz",NA,"C"
"Albe","Aston Pirla","2018/2019","Joao Pedro",NA,"C"
"Albe","Aston Pirla","2018/2019","Khedira",NA,"C"
"Albe","Aston Pirla","2018/2019","Berardi",NA,"C"
"Albe","Aston Pirla","2018/2019","Kucka/Linetty",NA,"C"
"Albe","Aston Pirla","2018/2019","Boateng",NA,"A"
"Albe","Aston Pirla","2018/2019","Gervinho",NA,"A"
"Albe","Aston Pirla","2018/2019","Mandzukic",NA,"A"
"Albe","Aston Pirla","2018/2019","Barrow",NA,"A"
"Albe","Aston Pirla","2018/2019","Mirallas",NA,"A"
"Albe","Aston Pirla","2018/2019","Higuain","160","A"
"Albe","Aston Pirla","2019/2020","Strakosha",NA,"P"
"Albe","Aston Pirla","2019/2020","Musso",NA,"P"
"Albe","Aston Pirla","2019/2020",NA,NA,"P"
"Albe","Aston Pirla","2019/2020","Florenzi",NA,"D"
"Albe","Aston Pirla","2019/2020","Duarte",NA,"D"
"Albe","Aston Pirla","2019/2020","Musacchio",NA,"D"
"Albe","Aston Pirla","2019/2020","Romagnoli",NA,"D"
"Albe","Aston Pirla","2019/2020","Ferrari G.",NA,"D"
"Albe","Aston Pirla","2019/2020","Klavan",NA,"D"
"Albe","Aston Pirla","2019/2020","Darmian",NA,"D"
"Albe","Aston Pirla","2019/2020","Radu",NA,"D"
"Albe","Aston Pirla","2019/2020","Pastore",NA,"C"
"Albe","Aston Pirla","2019/2020","Papu Gomez",NA,"C"
"Albe","Aston Pirla","2019/2020","Calhanoglu",NA,"C"
"Albe","Aston Pirla","2019/2020","Malinovskyi",NA,"C"
"Albe","Aston Pirla","2019/2020","Pasalic",NA,"C"
"Albe","Aston Pirla","2019/2020","Zaccagni",NA,"C"
"Albe","Aston Pirla","2019/2020","Bonaventura",NA,"C"
"Albe","Aston Pirla","2019/2020","Valoti",NA,"C"
"Albe","Aston Pirla","2019/2020","Karamoh",NA,"A"
"Albe","Aston Pirla","2019/2020","Piatek",NA,"A"
"Albe","Aston Pirla","2019/2020","Muriel",NA,"A"
"Albe","Aston Pirla","2019/2020","Barrow",NA,"A"
"Albe","Aston Pirla","2019/2020","Rebic",NA,"A"
"Albe","Aston Pirla","2019/2020","Ilicic",NA,"A"
"Albe","Aston Pirla","2020/2021","Silvestri","9","P"
"Albe","Aston Pirla","2020/2021","Musso","9","P"
"Albe","Aston Pirla","2020/2021","Cragno","5","P"
"Albe","Aston Pirla","2020/2021","Hernandez T.","46","D"
"Albe","Aston Pirla","2020/2021","Cuadrado","19","D"
"Albe","Aston Pirla","2020/2021","Spinazzola","15","D"
"Albe","Aston Pirla","2020/2021","Ibanez","7","D"
"Albe","Aston Pirla","2020/2021","Romero","5","D"
"Albe","Aston Pirla","2020/2021","Lirola","1","D"
"Albe","Aston Pirla","2020/2021","Stryger Larsen","1","D"
"Albe","Aston Pirla","2020/2021","Hickey","3","D"
"Albe","Aston Pirla","2020/2021","Papu Gomez","60","C"
"Albe","Aston Pirla","2020/2021","Luis Alberto","47","C"
"Albe","Aston Pirla","2020/2021","Ramsey","13","C"
"Albe","Aston Pirla","2020/2021","Lazovic","5","C"
"Albe","Aston Pirla","2020/2021","Freuler","1","C"
"Albe","Aston Pirla","2020/2021","Tonali","1","C"
"Albe","Aston Pirla","2020/2021","Gojak","1","C"
"Albe","Aston Pirla","2020/2021","Vulic","1","C"
"Albe","Aston Pirla","2020/2021","Ibrahimovic","230","A"
"Albe","Aston Pirla","2020/2021","Kalinic","3","A"
"Albe","Aston Pirla","2020/2021","Lasagna","1","A"
"Albe","Aston Pirla","2020/2021","Corneilus","5","A"
"Albe","Aston Pirla","2020/2021","Pavoletti","1","A"
"Albe","Aston Pirla","2020/2021","Sau","1","A"
"Albe","Aston Pirla","2021/2022","Handanovic","39","P"
"Albe","Aston Pirla","2021/2022","Radu I.","4","P"
"Albe","Aston Pirla","2021/2022","Terracciano","1","P"
"Albe","Aston Pirla","2021/2022","Mancini","28","D"
"Albe","Aston Pirla","2021/2022","Danilo","11","D"
"Albe","Aston Pirla","2021/2022","Kjaer","8","D"
"Albe","Aston Pirla","2021/2022","Djimsiti","6","D"
"Albe","Aston Pirla","2021/2022","Smalling","8","D"
"Albe","Aston Pirla","2021/2022","Izzo","2","D"
"Albe","Aston Pirla","2021/2022","Magnani","1","D"
"Albe","Aston Pirla","2021/2022","Udogie","1","D"
"Albe","Aston Pirla","2021/2022","Ruiz","20","C"
"Albe","Aston Pirla","2021/2022","Diaz B.","31","C"
"Albe","Aston Pirla","2021/2022","Mckennie","13","C"
"Albe","Aston Pirla","2021/2022","Maggiore","7","C"
"Albe","Aston Pirla","2021/2022","Bonaventura","11","C"
"Albe","Aston Pirla","2021/2022","Saelemaekers","6","C"
"Albe","Aston Pirla","2021/2022","Vignato","3","C"
"Albe","Aston Pirla","2021/2022","Koopmeiners","6","C"
"Albe","Aston Pirla","2021/2022","Vlahovic","157","A"
"Albe","Aston Pirla","2021/2022","Giroud","74","A"
"Albe","Aston Pirla","2021/2022","Morata","50","A"
"Albe","Aston Pirla","2021/2022","Sanabria","1","A"
"Albe","Aston Pirla","2021/2022","Pussetto","11","A"
"Albe","Aston Pirla","2021/2022","Defrel","1","A"
"Albe","Aston Pirla","2022/2023","Luiz Maximiano","11","P"
"Albe","Aston Pirla","2022/2023","Vicario","3","P"
"Albe","Aston Pirla","2022/2023","Radu I.","4","P"
"Albe","Aston Pirla","2022/2023","Tomori","18","D"
"Albe","Aston Pirla","2022/2023","Kalulu","18","D"
"Albe","Aston Pirla","2022/2023","Singo","16","D"
"Albe","Aston Pirla","2022/2023","Rodrigo Becao","5","D"
"Albe","Aston Pirla","2022/2023","Ibanez","7","D"
"Albe","Aston Pirla","2022/2023","Schuurs","11","D"
"Albe","Aston Pirla","2022/2023","De Silvestri","3","D"
"Albe","Aston Pirla","2022/2023","Celik","1","D"
"Albe","Aston Pirla","2022/2023","Malinovskyi","22","C"
"Albe","Aston Pirla","2022/2023","Pogba","22","C"
"Albe","Aston Pirla","2022/2023","De Ketelaere","54","C"
"Albe","Aston Pirla","2022/2023","Kostic","44","C"
"Albe","Aston Pirla","2022/2023","Verdi","3","C"
"Albe","Aston Pirla","2022/2023","Cataldi","1","C"
"Albe","Aston Pirla","2022/2023","Rabiot","1","C"
"Albe","Aston Pirla","2022/2023","Tonali","15","C"
"Albe","Aston Pirla","2022/2023","Arnautovic","100","A"
"Albe","Aston Pirla","2022/2023","Di Maria","70","A"
"Albe","Aston Pirla","2022/2023","Pedro","4","A"
"Albe","Aston Pirla","2022/2023","Henry","46","A"
"Albe","Aston Pirla","2022/2023","Cabral","5","A"
"Albe","Aston Pirla","2022/2023","Ibrahimovic","1","A"
"Albe","Aston Pirla","2023/2024","Sportiello","1","P"
"Albe","Aston Pirla","2023/2024","Mirante","1","P"
"Albe","Aston Pirla","2023/2024","Maignan","51","P"
"Albe","Aston Pirla","2023/2024","Biraghi","13","D"
"Albe","Aston Pirla","2023/2024","Monterisi","1","D"
"Albe","Aston Pirla","2023/2024","Parisi","4","D"
"Albe","Aston Pirla","2023/2024","Scalvini","7","D"
"Albe","Aston Pirla","2023/2024","De Winter","1","D"
"Albe","Aston Pirla","2023/2024","Terracciano F.","1","D"
"Albe","Aston Pirla","2023/2024","Bijol","7","D"
"Albe","Aston Pirla","2023/2024","Thiaw","10","D"
"Albe","Aston Pirla","2023/2024","Zielinski","28","C"
"Albe","Aston Pirla","2023/2024","Bonaventura","24","C"
"Albe","Aston Pirla","2023/2024","Strootman","1","C"
"Albe","Aston Pirla","2023/2024","Aouar","17","C"
"Albe","Aston Pirla","2023/2024","Maldini","1","C"
"Albe","Aston Pirla","2023/2024","Volpato","1","C"
"Albe","Aston Pirla","2023/2024","Iling Junior","1","C"
"Albe","Aston Pirla","2023/2024","Reijnders","20","C"
"Albe","Aston Pirla","2023/2024","Petagna","13","A"
"Albe","Aston Pirla","2023/2024","Bonazzoli","26","A"
"Albe","Aston Pirla","2023/2024","Zapata D.","47","A"
"Albe","Aston Pirla","2023/2024","Zirkzee","13","A"
"Albe","Aston Pirla","2023/2024","Kaio Jorge","1","A"
"Albe","Aston Pirla","2023/2024","Kvaratskhelia","204","A"
"Alby","Zoggiathebest99 Team","2018/2019","Donnarumma G.",NA,"P"
"Alby","Zoggiathebest99 Team","2018/2019","Donnarumma A.",NA,"P"
"Alby","Zoggiathebest99 Team","2018/2019",NA,NA,"P"
"Alby","Zoggiathebest99 Team","2018/2019","D'ambrosio",NA,"D"
"Alby","Zoggiathebest99 Team","2018/2019","Acerbi",NA,"D"
"Alby","Zoggiathebest99 Team","2018/2019","Florenzi",NA,"D"
"Alby","Zoggiathebest99 Team","2018/2019","N'Koulou",NA,"D"
"Alby","Zoggiathebest99 Team","2018/2019","Pezzella Ger.",NA,"D"
"Alby","Zoggiathebest99 Team","2018/2019",NA,NA,"D"
"Alby","Zoggiathebest99 Team","2018/2019",NA,NA,"D"
"Alby","Zoggiathebest99 Team","2018/2019",NA,NA,"D"
"Alby","Zoggiathebest99 Team","2018/2019","Benassi",NA,"C"
"Alby","Zoggiathebest99 Team","2018/2019","De Paul",NA,"C"
"Alby","Zoggiathebest99 Team","2018/2019","Baselli",NA,"C"
"Alby","Zoggiathebest99 Team","2018/2019","Lucas Leiva",NA,"C"
"Alby","Zoggiathebest99 Team","2018/2019","Mandragora",NA,"C"
"Alby","Zoggiathebest99 Team","2018/2019","Lulic",NA,"C"
"Alby","Zoggiathebest99 Team","2018/2019","Biglia",NA,"C"
"Alby","Zoggiathebest99 Team","2018/2019",NA,NA,"C"
"Alby","Zoggiathebest99 Team","2018/2019","Dzeko",NA,"A"
"Alby","Zoggiathebest99 Team","2018/2019","Zapata D.",NA,"A"
"Alby","Zoggiathebest99 Team","2018/2019","Simeone",NA,"A"
"Alby","Zoggiathebest99 Team","2018/2019","Palacio",NA,"A"
"Alby","Zoggiathebest99 Team","2018/2019","Ljajic",NA,"A"
"Alby","Zoggiathebest99 Team","2018/2019","Campbell",NA,"A"
"Alby","Zoggiathebest99 Team","2019/2020","Olsen",NA,"P"
"Alby","Zoggiathebest99 Team","2019/2020","Consigli",NA,"P"
"Alby","Zoggiathebest99 Team","2019/2020",NA,NA,"P"
"Alby","Zoggiathebest99 Team","2019/2020","Smalling",NA,"D"
"Alby","Zoggiathebest99 Team","2019/2020","Djimsiti",NA,"D"
"Alby","Zoggiathebest99 Team","2019/2020","Mancini",NA,"D"
"Alby","Zoggiathebest99 Team","2019/2020","Bonucci",NA,"D"
"Alby","Zoggiathebest99 Team","2019/2020",NA,NA,"D"
"Alby","Zoggiathebest99 Team","2019/2020",NA,NA,"D"
"Alby","Zoggiathebest99 Team","2019/2020",NA,NA,"D"
"Alby","Zoggiathebest99 Team","2019/2020",NA,NA,"D"
"Alby","Zoggiathebest99 Team","2019/2020","Rabiot",NA,"C"
"Alby","Zoggiathebest99 Team","2019/2020","Matuidi",NA,"C"
"Alby","Zoggiathebest99 Team","2019/2020","Candreva",NA,"C"
"Alby","Zoggiathebest99 Team","2019/2020","Mkhitaryan",NA,"C"
"Alby","Zoggiathebest99 Team","2019/2020","Verdi",NA,"C"
"Alby","Zoggiathebest99 Team","2019/2020",NA,NA,"C"
"Alby","Zoggiathebest99 Team","2019/2020",NA,NA,"C"
"Alby","Zoggiathebest99 Team","2019/2020",NA,NA,"C"
"Alby","Zoggiathebest99 Team","2019/2020","Martinez L.",NA,"A"
"Alby","Zoggiathebest99 Team","2019/2020","Simeone",NA,"A"
"Alby","Zoggiathebest99 Team","2019/2020","Higuain",NA,"A"
"Alby","Zoggiathebest99 Team","2019/2020","Defrel",NA,"A"
"Alby","Zoggiathebest99 Team","2019/2020","Orsolini",NA,"A"
"Alby","Zoggiathebest99 Team","2019/2020",NA,NA,"A"
"Alby","Zoggiathebest99 Team","2020/2021","Ospina",NA,"P"
"Alby","Zoggiathebest99 Team","2020/2021","Sepe",NA,"P"
"Alby","Zoggiathebest99 Team","2020/2021","Meret",NA,"P"
"Alby","Zoggiathebest99 Team","2020/2021","De Silvestri",NA,"D"
"Alby","Zoggiathebest99 Team","2020/2021","Dimarco",NA,"D"
"Alby","Zoggiathebest99 Team","2020/2021","Milenkovic",NA,"D"
"Alby","Zoggiathebest99 Team","2020/2021","De Vrij",NA,"D"
"Alby","Zoggiathebest99 Team","2020/2021","Zappacosta",NA,"D"
"Alby","Zoggiathebest99 Team","2020/2021","Glik",NA,"D"
"Alby","Zoggiathebest99 Team","2020/2021","Maehle",NA,"D"
"Alby","Zoggiathebest99 Team","2020/2021",NA,NA,"D"
"Alby","Zoggiathebest99 Team","2020/2021","Barak",NA,"C"
"Alby","Zoggiathebest99 Team","2020/2021","Pereyra",NA,"C"
"Alby","Zoggiathebest99 Team","2020/2021","Milinkovic-Savic",NA,"C"
"Alby","Zoggiathebest99 Team","2020/2021","Barella",NA,"C"
"Alby","Zoggiathebest99 Team","2020/2021","Kucka",NA,"C"
"Alby","Zoggiathebest99 Team","2020/2021","Perisic",NA,"C"
"Alby","Zoggiathebest99 Team","2020/2021","Bonaventura",NA,"C"
"Alby","Zoggiathebest99 Team","2020/2021","Saponara",NA,"C"
"Alby","Zoggiathebest99 Team","2020/2021","Lukaku",NA,"A"
"Alby","Zoggiathebest99 Team","2020/2021","Quagliarella",NA,"A"
"Alby","Zoggiathebest99 Team","2020/2021","Morata",NA,"A"
"Alby","Zoggiathebest99 Team","2020/2021","Pedro",NA,"A"
"Alby","Zoggiathebest99 Team","2020/2021","Caprari",NA,"A"
"Alby","Zoggiathebest99 Team","2020/2021","Iago Falque",NA,"A"
"Alby","Zoggiathebest99 Team","2021/2022","Szczesny","35","P"
"Alby","Zoggiathebest99 Team","2021/2022","Pinsoglio","1","P"
"Alby","Zoggiathebest99 Team","2021/2022","Perin","1","P"
"Alby","Zoggiathebest99 Team","2021/2022","Ferrari G.","7","D"
"Alby","Zoggiathebest99 Team","2021/2022","Manolas","8","D"
"Alby","Zoggiathebest99 Team","2021/2022","Palomino","8","D"
"Alby","Zoggiathebest99 Team","2021/2022","Hysaj","3","D"
"Alby","Zoggiathebest99 Team","2021/2022","Godin","2","D"
"Alby","Zoggiathebest99 Team","2021/2022","Singo","2","D"
"Alby","Zoggiathebest99 Team","2021/2022","Romagnoli","1","D"
"Alby","Zoggiathebest99 Team","2021/2022","Martinez Quarta","1","D"
"Alby","Zoggiathebest99 Team","2021/2022","Calhanoglu","45","C"
"Alby","Zoggiathebest99 Team","2021/2022","Zaccagni","24","C"
"Alby","Zoggiathebest99 Team","2021/2022","Zaniolo","54","C"
"Alby","Zoggiathebest99 Team","2021/2022","Mandragora","1","C"
"Alby","Zoggiathebest99 Team","2021/2022","Vidal","9","C"
"Alby","Zoggiathebest99 Team","2021/2022","Callejon","2","C"
"Alby","Zoggiathebest99 Team","2021/2022","Bandinelli","1","C"
"Alby","Zoggiathebest99 Team","2021/2022","Obi","1","C"
"Alby","Zoggiathebest99 Team","2021/2022","Osimhen","133","A"
"Alby","Zoggiathebest99 Team","2021/2022","Dzeko","73","A"
"Alby","Zoggiathebest99 Team","2021/2022","Kean","41","A"
"Alby","Zoggiathebest99 Team","2021/2022","Sanchez","1","A"
"Alby","Zoggiathebest99 Team","2021/2022","Pedro","16","A"
"Alby","Zoggiathebest99 Team","2021/2022","Scamacca","30","A"
"Alby","Zoggiathebest99 Team","2022/2023","Musso","30","P"
"Alby","Zoggiathebest99 Team","2022/2023","Consigli","3","P"
"Alby","Zoggiathebest99 Team","2022/2023","Sportiello","1","P"
"Alby","Zoggiathebest99 Team","2022/2023","Cuadrado","42","D"
"Alby","Zoggiathebest99 Team","2022/2023","De Vrij","18","D"
"Alby","Zoggiathebest99 Team","2022/2023","Zappacosta","13","D"
"Alby","Zoggiathebest99 Team","2022/2023","Colley","5","D"
"Alby","Zoggiathebest99 Team","2022/2023","Dimarco","16","D"
"Alby","Zoggiathebest99 Team","2022/2023","Acerbi","1","D"
"Alby","Zoggiathebest99 Team","2022/2023","Lazaro","1","D"
"Alby","Zoggiathebest99 Team","2022/2023","Soppy","2","D"
"Alby","Zoggiathebest99 Team","2022/2023","Barella","56","C"
"Alby","Zoggiathebest99 Team","2022/2023","Mkhitaryan","13","C"
"Alby","Zoggiathebest99 Team","2022/2023","Lazovic","7","C"
"Alby","Zoggiathebest99 Team","2022/2023","Soriano","17","C"
"Alby","Zoggiathebest99 Team","2022/2023","Mckennie","13","C"
"Alby","Zoggiathebest99 Team","2022/2023","Miranchuk","8","C"
"Alby","Zoggiathebest99 Team","2022/2023","Ricci S.","3","C"
"Alby","Zoggiathebest99 Team","2022/2023","Vecino","1","C"
"Alby","Zoggiathebest99 Team","2022/2023","Lukaku","195","A"
"Alby","Zoggiathebest99 Team","2022/2023","Lozano","20","A"
"Alby","Zoggiathebest99 Team","2022/2023","Bonazzoli","21","A"
"Alby","Zoggiathebest99 Team","2022/2023","Lasagna","7","A"
"Alby","Zoggiathebest99 Team","2022/2023","Shomurodov","1","A"
"Alby","Zoggiathebest99 Team","2022/2023","Djuric","1","A"
"Alby","Zoggiathebest99 Team","2023/2024","Perin","1","P"
"Alby","Zoggiathebest99 Team","2023/2024","Szczesny","40","P"
"Alby","Zoggiathebest99 Team","2023/2024","Consigli","1","P"
"Alby","Zoggiathebest99 Team","2023/2024","Alex Sandro","1","D"
"Alby","Zoggiathebest99 Team","2023/2024","Cuadrado","12","D"
"Alby","Zoggiathebest99 Team","2023/2024","Bastoni","10","D"
"Alby","Zoggiathebest99 Team","2023/2024","Kolasinac","9","D"
"Alby","Zoggiathebest99 Team","2023/2024","Pellegrini Lu.","1","D"
"Alby","Zoggiathebest99 Team","2023/2024","Augello","1","D"
"Alby","Zoggiathebest99 Team","2023/2024","Gatti","1","D"
"Alby","Zoggiathebest99 Team","2023/2024","Schuurs","17","D"
"Alby","Zoggiathebest99 Team","2023/2024","Pogba","7","C"
"Alby","Zoggiathebest99 Team","2023/2024","Barella","34","C"
"Alby","Zoggiathebest99 Team","2023/2024","Pessina","11","C"
"Alby","Zoggiathebest99 Team","2023/2024","Frattesi","28","C"
"Alby","Zoggiathebest99 Team","2023/2024","Malinovskyi","16","C"
"Alby","Zoggiathebest99 Team","2023/2024","Coulibaly L.","1","C"
"Alby","Zoggiathebest99 Team","2023/2024","Ndoye","5","C"
"Alby","Zoggiathebest99 Team","2023/2024","De Ketelaere","5","C"
"Alby","Zoggiathebest99 Team","2023/2024","Immobile","184","A"
"Alby","Zoggiathebest99 Team","2023/2024","Deulofeu","10","A"
"Alby","Zoggiathebest99 Team","2023/2024","Caputo","33","A"
"Alby","Zoggiathebest99 Team","2023/2024","Arnautovic","66","A"
"Alby","Zoggiathebest99 Team","2023/2024","Azmoun","1","A"
"Alby","Zoggiathebest99 Team","2023/2024","Lucca","5","A"
"Cos","Joe Gage FC","2018/2019","Handanovic",NA,"P"
"Cos","Joe Gage FC","2018/2019",NA,NA,"P"
"Cos","Joe Gage FC","2018/2019",NA,NA,"P"
"Cos","Joe Gage FC","2018/2019","Ansaldi",NA,"D"
"Cos","Joe Gage FC","2018/2019","Izzo",NA,"D"
"Cos","Joe Gage FC","2018/2019","Albiol",NA,"D"
"Cos","Joe Gage FC","2018/2019","Koulibaly",NA,"D"
"Cos","Joe Gage FC","2018/2019","Juan Jesus",NA,"D"
"Cos","Joe Gage FC","2018/2019","Luiz Felipe",NA,"D"
"Cos","Joe Gage FC","2018/2019","Gagliolo",NA,"D"
"Cos","Joe Gage FC","2018/2019",NA,NA,"D"
"Cos","Joe Gage FC","2018/2019","Hamsik",NA,"C"
"Cos","Joe Gage FC","2018/2019","Correa",NA,"C"
"Cos","Joe Gage FC","2018/2019","Giaccherini",NA,"C"
"Cos","Joe Gage FC","2018/2019","Krunic",NA,"C"
"Cos","Joe Gage FC","2018/2019","Castro",NA,"C"
"Cos","Joe Gage FC","2018/2019","Ilicic",NA,"C"
"Cos","Joe Gage FC","2018/2019","Ramirez",NA,"C"
"Cos","Joe Gage FC","2018/2019",NA,NA,"C"
"Cos","Joe Gage FC","2018/2019","Schick",NA,"A"
"Cos","Joe Gage FC","2018/2019","Belotti",NA,"A"
"Cos","Joe Gage FC","2018/2019","Keita B.",NA,"A"
"Cos","Joe Gage FC","2018/2019","Politano",NA,"A"
"Cos","Joe Gage FC","2018/2019","El Shaarawy",NA,"A"
"Cos","Joe Gage FC","2018/2019","Milik",NA,"A"
"Cos","Joe Gage FC","2019/2020","Sirigu",NA,"P"
"Cos","Joe Gage FC","2019/2020","Gabriel",NA,"P"
"Cos","Joe Gage FC","2019/2020",NA,NA,"P"
"Cos","Joe Gage FC","2019/2020","Nkoulou",NA,"D"
"Cos","Joe Gage FC","2019/2020","Lyanco",NA,"D"
"Cos","Joe Gage FC","2019/2020","Zappacosta",NA,"D"
"Cos","Joe Gage FC","2019/2020","Murillo",NA,"D"
"Cos","Joe Gage FC","2019/2020","Kjaer",NA,"D"
"Cos","Joe Gage FC","2019/2020","De Vrij",NA,"D"
"Cos","Joe Gage FC","2019/2020","Biraghi",NA,"D"
"Cos","Joe Gage FC","2019/2020","Acerbi",NA,"D"
"Cos","Joe Gage FC","2019/2020","Barella",NA,"C"
"Cos","Joe Gage FC","2019/2020","Allan",NA,"C"
"Cos","Joe Gage FC","2019/2020","Ribery",NA,"C"
"Cos","Joe Gage FC","2019/2020","Veloso",NA,"C"
"Cos","Joe Gage FC","2019/2020","Ramirez",NA,"C"
"Cos","Joe Gage FC","2019/2020","Nainggolan",NA,"C"
"Cos","Joe Gage FC","2019/2020","Baselli",NA,"C"
"Cos","Joe Gage FC","2019/2020","Obaing",NA,"C"
"Cos","Joe Gage FC","2019/2020","Pazzini",NA,"A"
"Cos","Joe Gage FC","2019/2020","Milik",NA,"A"
"Cos","Joe Gage FC","2019/2020","Sanchez",NA,"A"
"Cos","Joe Gage FC","2019/2020","Lozano",NA,"A"
"Cos","Joe Gage FC","2019/2020","Destro",NA,"A"
"Cos","Joe Gage FC","2019/2020","Llorente",NA,"A"
"Cos","Joe Gage FC","2020/2021","Handanovic","32","P"
"Cos","Joe Gage FC","2020/2021","Skorupski","1","P"
"Cos","Joe Gage FC","2020/2021","Radu I.","1","P"
"Cos","Joe Gage FC","2020/2021","Acerbi","14","D"
"Cos","Joe Gage FC","2020/2021","Kolarov","13","D"
"Cos","Joe Gage FC","2020/2021","Bastoni","17","D"
"Cos","Joe Gage FC","2020/2021","Nkoulou","5","D"
"Cos","Joe Gage FC","2020/2021","Colley","4","D"
"Cos","Joe Gage FC","2020/2021","Izzo","4","D"
"Cos","Joe Gage FC","2020/2021","Pezzella Ger.","2","D"
"Cos","Joe Gage FC","2020/2021","Skriniar","2","D"
"Cos","Joe Gage FC","2020/2021","Castrovilli","21","C"
"Cos","Joe Gage FC","2020/2021","Miranchuk","16","C"
"Cos","Joe Gage FC","2020/2021","Ramirez","14","C"
"Cos","Joe Gage FC","2020/2021","Ruiz","24","C"
"Cos","Joe Gage FC","2020/2021","Verdi","3","C"
"Cos","Joe Gage FC","2020/2021","Linetty","1","C"
"Cos","Joe Gage FC","2020/2021","Nandez","1","C"
"Cos","Joe Gage FC","2020/2021","Pereira","1","C"
"Cos","Joe Gage FC","2020/2021","Martinez L.","192","A"
"Cos","Joe Gage FC","2020/2021","Dzeko","76","A"
"Cos","Joe Gage FC","2020/2021","Osimhen","52","A"
"Cos","Joe Gage FC","2020/2021","Sanchez","46","A"
"Cos","Joe Gage FC","2020/2021","Keita B.","2","A"
"Cos","Joe Gage FC","2020/2021","Majoral","1","A"
"Cos","Joe Gage FC","2021/2022","Dragowski","28","P"
"Cos","Joe Gage FC","2021/2022","Vicario","1","P"
"Cos","Joe Gage FC","2021/2022","Belec","1","P"
"Cos","Joe Gage FC","2021/2022","De Vrij","18","D"
"Cos","Joe Gage FC","2021/2022","Hateboer","10","D"
"Cos","Joe Gage FC","2021/2022","Lazzari","25","D"
"Cos","Joe Gage FC","2021/2022","Maehle","18","D"
"Cos","Joe Gage FC","2021/2022","Dimarco","7","D"
"Cos","Joe Gage FC","2021/2022","Ampadu","2","D"
"Cos","Joe Gage FC","2021/2022","Maksimovic","1","D"
"Cos","Joe Gage FC","2021/2022","Nastasic","2","D"
"Cos","Joe Gage FC","2021/2022","Felipe Anderson","43","C"
"Cos","Joe Gage FC","2021/2022","Castrovilli","16","C"
"Cos","Joe Gage FC","2021/2022","Nandez","12","C"
"Cos","Joe Gage FC","2021/2022","Verdi","1","C"
"Cos","Joe Gage FC","2021/2022","Svanberg","1","C"
"Cos","Joe Gage FC","2021/2022","Praet","1","C"
"Cos","Joe Gage FC","2021/2022","Torreira","1","C"
"Cos","Joe Gage FC","2021/2022","Kovalenko","1","C"
"Cos","Joe Gage FC","2021/2022","Muriel","170","A"
"Cos","Joe Gage FC","2021/2022","Arnautovic","84","A"
"Cos","Joe Gage FC","2021/2022","Quagliarella","36","A"
"Cos","Joe Gage FC","2021/2022","Cutrone","2","A"
"Cos","Joe Gage FC","2021/2022","Henry","14","A"
"Cos","Joe Gage FC","2021/2022","Brekalo","1","A"
"Cos","Joe Gage FC","2022/2023","Handanovic","37","P"
"Cos","Joe Gage FC","2022/2023","Di Gregorio","1","P"
"Cos","Joe Gage FC","2022/2023","Padelli","1","P"
"Cos","Joe Gage FC","2022/2023","Skriniar","30","D"
"Cos","Joe Gage FC","2022/2023","Milenkovic","13","D"
"Cos","Joe Gage FC","2022/2023","Lazzari","17","D"
"Cos","Joe Gage FC","2022/2023","Vojvoda","5","D"
"Cos","Joe Gage FC","2022/2023","Casale","1","D"
"Cos","Joe Gage FC","2022/2023","Masina","4","D"
"Cos","Joe Gage FC","2022/2023","Ferrari G.","2","D"
"Cos","Joe Gage FC","2022/2023","Marlon","1","D"
"Cos","Joe Gage FC","2022/2023","Felipe Anderson","33","C"
"Cos","Joe Gage FC","2022/2023","Zaccagni","31","C"
"Cos","Joe Gage FC","2022/2023","Vlasic","24","C"
"Cos","Joe Gage FC","2022/2023","Djuricic","2","C"
"Cos","Joe Gage FC","2022/2023","Dominguez","1","C"
"Cos","Joe Gage FC","2022/2023","Asllani","1","C"
"Cos","Joe Gage FC","2022/2023","Winks","1","C"
"Cos","Joe Gage FC","2022/2023","Radonjic","20","C"
"Cos","Joe Gage FC","2022/2023","Martinez L.","191","A"
"Cos","Joe Gage FC","2022/2023","Beto","14","A"
"Cos","Joe Gage FC","2022/2023","Gonzalez N.","38","A"
"Cos","Joe Gage FC","2022/2023","Dessers","16","A"
"Cos","Joe Gage FC","2022/2023","Destro","4","A"
"Cos","Joe Gage FC","2022/2023","Satriano","1","A"
"Cos","Joe Gage FC","2023/2024","Falcone","1","P"
"Cos","Joe Gage FC","2023/2024","Provedel","34","P"
"Cos","Joe Gage FC","2023/2024","Martinez Jo.","1","P"
"Cos","Joe Gage FC","2023/2024","Izzo","2","D"
"Cos","Joe Gage FC","2023/2024","D'ambrosio","5","D"
"Cos","Joe Gage FC","2023/2024","Buongiorno","5","D"
"Cos","Joe Gage FC","2023/2024","Pavard","19","D"
"Cos","Joe Gage FC","2023/2024","Zappa","1","D"
"Cos","Joe Gage FC","2023/2024","Mazzocchi","7","D"
"Cos","Joe Gage FC","2023/2024","Perez N.","3","D"
"Cos","Joe Gage FC","2023/2024","Hien","1","D"
"Cos","Joe Gage FC","2023/2024","Saponara","1","C"
"Cos","Joe Gage FC","2023/2024","Renato Sanches","1","C"
"Cos","Joe Gage FC","2023/2024","Guendouzi","8","C"
"Cos","Joe Gage FC","2023/2024","Nandez","1","C"
"Cos","Joe Gage FC","2023/2024","Ikone'","2","C"
"Cos","Joe Gage FC","2023/2024","Koopmeiners","33","C"
"Cos","Joe Gage FC","2023/2024","Vlasic","19","C"
"Cos","Joe Gage FC","2023/2024","Colpani","23","C"
"Cos","Joe Gage FC","2023/2024","Sanabria","36","A"
"Cos","Joe Gage FC","2023/2024","Thauvin","1","A"
"Cos","Joe Gage FC","2023/2024","Sanchez","15","A"
"Cos","Joe Gage FC","2023/2024","Kouame'","1","A"
"Cos","Joe Gage FC","2023/2024","Osimhen","263","A"
"Cos","Joe Gage FC","2023/2024","Luvumbo","6","A"
"Fu","AC Ciughina","2019/2020","Alfonso",NA,"P"
"Fu","AC Ciughina","2019/2020",NA,NA,"P"
"Fu","AC Ciughina","2019/2020",NA,NA,"P"
"Fu","AC Ciughina","2019/2020","Vavro",NA,"D"
"Fu","AC Ciughina","2019/2020","Izzo",NA,"D"
"Fu","AC Ciughina","2019/2020","Pisacane",NA,"D"
"Fu","AC Ciughina","2019/2020","Cistana",NA,"D"
"Fu","AC Ciughina","2019/2020","Pellegrini Lu.",NA,"D"
"Fu","AC Ciughina","2019/2020","Pezzella Ger.",NA,"D"
"Fu","AC Ciughina","2019/2020","Tonelli",NA,"D"
"Fu","AC Ciughina","2019/2020",NA,NA,"D"
"Fu","AC Ciughina","2019/2020","Schone",NA,"C"
"Fu","AC Ciughina","2019/2020","Saponara",NA,"C"
"Fu","AC Ciughina","2019/2020","Kessie",NA,"C"
"Fu","AC Ciughina","2019/2020","Hernani",NA,"C"
"Fu","AC Ciughina","2019/2020","Bentancur",NA,"C"
"Fu","AC Ciughina","2019/2020","Costa",NA,"C"
"Fu","AC Ciughina","2019/2020","Veretout",NA,"C"
"Fu","AC Ciughina","2019/2020","Borini",NA,"C"
"Fu","AC Ciughina","2019/2020","Dzeko",NA,"A"
"Fu","AC Ciughina","2019/2020","Politano",NA,"A"
"Fu","AC Ciughina","2019/2020","Dybala",NA,"A"
"Fu","AC Ciughina","2019/2020","Lapadula",NA,"A"
"Fu","AC Ciughina","2019/2020","Lasagna",NA,"A"
"Fu","AC Ciughina","2019/2020","Carles Perez",NA,"A"
"Fu","Hakimi Raikkonen","2020/2021","Mirante",NA,"P"
"Fu","Hakimi Raikkonen","2020/2021","Consigli",NA,"P"
"Fu","Hakimi Raikkonen","2020/2021","Pau Lopez",NA,"P"
"Fu","Hakimi Raikkonen","2020/2021","Hakimi",NA,"D"
"Fu","Hakimi Raikkonen","2020/2021","Di Lorenzo",NA,"D"
"Fu","Hakimi Raikkonen","2020/2021","Danilo",NA,"D"
"Fu","Hakimi Raikkonen","2020/2021","Muldur",NA,"D"
"Fu","Hakimi Raikkonen","2020/2021","Hysaj",NA,"D"
"Fu","Hakimi Raikkonen","2020/2021","Darmian",NA,"D"
"Fu","Hakimi Raikkonen","2020/2021","Bruno Alves",NA,"D"
"Fu","Hakimi Raikkonen","2020/2021","Biraghi",NA,"D"
"Fu","Hakimi Raikkonen","2020/2021","Pereiro",NA,"C"
"Fu","Hakimi Raikkonen","2020/2021","Mkhitaryan",NA,"C"
"Fu","Hakimi Raikkonen","2020/2021","Politano",NA,"C"
"Fu","Hakimi Raikkonen","2020/2021","Kulusevski",NA,"C"
"Fu","Hakimi Raikkonen","2020/2021","Callejon",NA,"C"
"Fu","Hakimi Raikkonen","2020/2021","M. Lopez",NA,"C"
"Fu","Hakimi Raikkonen","2020/2021","Gagliardini",NA,"C"
"Fu","Hakimi Raikkonen","2020/2021","Vecino",NA,"C"
"Fu","Hakimi Raikkonen","2020/2021","Dybala",NA,"A"
"Fu","Hakimi Raikkonen","2020/2021","Caputo",NA,"A"
"Fu","Hakimi Raikkonen","2020/2021","Ribery",NA,"A"
"Fu","Hakimi Raikkonen","2020/2021","Muriel",NA,"A"
"Fu","Hakimi Raikkonen","2020/2021","Ilicic",NA,"A"
"Fu","Hakimi Raikkonen","2020/2021","Galabinov",NA,"A"
"Fu","Stame Vecino Utd","2021/2022","Audero","18","P"
"Fu","Stame Vecino Utd","2021/2022","Consigli","13","P"
"Fu","Stame Vecino Utd","2021/2022","Skorupski","6","P"
"Fu","Stame Vecino Utd","2021/2022","Alex Sandro","9","D"
"Fu","Stame Vecino Utd","2021/2022","Dumfries","21","D"
"Fu","Stame Vecino Utd","2021/2022","Darmian","9","D"
"Fu","Stame Vecino Utd","2021/2022","Lykogiannis","3","D"
"Fu","Stame Vecino Utd","2021/2022","Stryger Larsen","2","D"
"Fu","Stame Vecino Utd","2021/2022","Pezzella Giu.","1","D"
"Fu","Stame Vecino Utd","2021/2022","Mario Rui","6","D"
"Fu","Stame Vecino Utd","2021/2022","Dalbert","1","D"
"Fu","Stame Vecino Utd","2021/2022","Pellegrini Lo.","49","C"
"Fu","Stame Vecino Utd","2021/2022","Zielinski","43","C"
"Fu","Stame Vecino Utd","2021/2022","Orsolini","13","C"
"Fu","Stame Vecino Utd","2021/2022","Messias","9","C"
"Fu","Stame Vecino Utd","2021/2022","Skov Olsen","1","C"
"Fu","Stame Vecino Utd","2021/2022","Sottil","1","C"
"Fu","Stame Vecino Utd","2021/2022","Sensi","1","C"
"Fu","Stame Vecino Utd","2021/2022","Vecino","1","C"
"Fu","Stame Vecino Utd","2021/2022","Abraham","142","A"
"Fu","Stame Vecino Utd","2021/2022","Lozano","24","A"
"Fu","Stame Vecino Utd","2021/2022","Correa","84","A"
"Fu","Stame Vecino Utd","2021/2022","Mayoral","3","A"
"Fu","Stame Vecino Utd","2021/2022","Shomurodov","39","A"
"Fu","Stame Vecino Utd","2021/2022","Ounas","1","A"
"Fu","AF Antastica","2022/2023","Meret","15","P"
"Fu","AF Antastica","2022/2023","Onana","8","P"
"Fu","AF Antastica","2022/2023","Sirigu","1","P"
"Fu","AF Antastica","2022/2023","Calabria","11","D"
"Fu","AF Antastica","2022/2023","Spinazzola","19","D"
"Fu","AF Antastica","2022/2023","Alex Sandro","5","D"
"Fu","AF Antastica","2022/2023","Hateboer","5","D"
"Fu","AF Antastica","2022/2023","Florenzi","4","D"
"Fu","AF Antastica","2022/2023","Bianchetti","1","D"
"Fu","AF Antastica","2022/2023","Gunter","1","D"
"Fu","AF Antastica","2022/2023","Kjaer","1","D"
"Fu","AF Antastica","2022/2023","Kvaratskhelia","62","C"
"Fu","AF Antastica","2022/2023","Ikone'","17","C"
"Fu","AF Antastica","2022/2023","Diaz B.","11","C"
"Fu","AF Antastica","2022/2023","Cristante","4","C"
"Fu","AF Antastica","2022/2023","Sottil","8","C"
"Fu","AF Antastica","2022/2023","Saelemaekers","1","C"
"Fu","AF Antastica","2022/2023","Zalewski","1","C"
"Fu","AF Antastica","2022/2023","Lopez M.","1","C"
"Fu","AF Antastica","2022/2023","Berardi","32","A"
"Fu","AF Antastica","2022/2023","Abraham","218","A"
"Fu","AF Antastica","2022/2023","Belotti","4","A"
"Fu","AF Antastica","2022/2023","Dzeko","18","A"
"Fu","AF Antastica","2022/2023","Petagna","12","A"
"Fu","AF Antastica","2022/2023","Barrow","1","A"
"Fu","AF Antastica","2023/2024","Milinkovic-Savic V.","17","P"
"Fu","AF Antastica","2023/2024","Musso","15","P"
"Fu","AF Antastica","2023/2024","Montipo'","10","P"
"Fu","AF Antastica","2023/2024","De Vrij","5","D"
"Fu","AF Antastica","2023/2024","Acerbi","5","D"
"Fu","AF Antastica","2023/2024","Zappacosta","14","D"
"Fu","AF Antastica","2023/2024","Milenkovic","5","D"
"Fu","AF Antastica","2023/2024","Darmian","5","D"
"Fu","AF Antastica","2023/2024","Erlic","1","D"
"Fu","AF Antastica","2023/2024","Bakker","11","D"
"Fu","AF Antastica","2023/2024","Bastoni S.","3","D"
"Fu","AF Antastica","2023/2024","Pellegrini Lo.","20","C"
"Fu","AF Antastica","2023/2024","Pasalic","10","C"
"Fu","AF Antastica","2023/2024","Calhanoglu","23","C"
"Fu","AF Antastica","2023/2024","Mkhitaryan","10","C"
"Fu","AF Antastica","2023/2024","Fagioli","2","C"
"Fu","AF Antastica","2023/2024","Ilic","3","C"
"Fu","AF Antastica","2023/2024","Radonjic","2","C"
"Fu","AF Antastica","2023/2024","Harroui","11","C"
"Fu","AF Antastica","2023/2024","Pinamonti","22","A"
"Fu","AF Antastica","2023/2024","Simeone","1","A"
"Fu","AF Antastica","2023/2024","Martinez L.","245","A"
"Fu","AF Antastica","2023/2024","Colombo","13","A"
"Fu","AF Antastica","2023/2024","Castellanos","3","A"
"Fu","AF Antastica","2023/2024","Krstovic","11","A"
"Gullo","Deportivo la Carogna","2018/2019","Ospina",NA,"P"
"Gullo","Deportivo la Carogna","2018/2019","Karnezis",NA,"P"
"Gullo","Deportivo la Carogna","2018/2019","Meret",NA,"P"
"Gullo","Deportivo la Carogna","2018/2019","Kolarov",NA,"D"
"Gullo","Deportivo la Carogna","2018/2019","Ceppitelli",NA,"D"
"Gullo","Deportivo la Carogna","2018/2019","Masiello",NA,"D"
"Gullo","Deportivo la Carogna","2018/2019","Toloi",NA,"D"
"Gullo","Deportivo la Carogna","2018/2019","Colley",NA,"D"
"Gullo","Deportivo la Carogna","2018/2019","Manolas",NA,"D"
"Gullo","Deportivo la Carogna","2018/2019",NA,NA,"D"
"Gullo","Deportivo la Carogna","2018/2019",NA,NA,"D"
"Gullo","Deportivo la Carogna","2018/2019","Candreva",NA,"C"
"Gullo","Deportivo la Carogna","2018/2019","De Roon",NA,"C"
"Gullo","Deportivo la Carogna","2018/2019","Verdi",NA,"C"
"Gullo","Deportivo la Carogna","2018/2019","Veretout",NA,"C"
"Gullo","Deportivo la Carogna","2018/2019","Nainggolan",NA,"C"
"Gullo","Deportivo la Carogna","2018/2019","Barak",NA,"C"
"Gullo","Deportivo la Carogna","2018/2019","Pastore",NA,"C"
"Gullo","Deportivo la Carogna","2018/2019","Berisha V.",NA,"C"
"Gullo","Deportivo la Carogna","2018/2019","Antenucci",NA,"A"
"Gullo","Deportivo la Carogna","2018/2019","Callejon",NA,"A"
"Gullo","Deportivo la Carogna","2018/2019","Petagna",NA,"A"
"Gullo","Deportivo la Carogna","2018/2019","Icardi",NA,"A"
"Gullo","Deportivo la Carogna","2018/2019","Di Francesco",NA,"A"
"Gullo","Deportivo la Carogna","2018/2019","Pjaca",NA,"A"
"Gullo","Deportivo la Carogna","2019/2020","Sportiello",NA,"P"
"Gullo","Deportivo la Carogna","2019/2020",NA,NA,"P"
"Gullo","Deportivo la Carogna","2019/2020",NA,NA,"P"
"Gullo","Deportivo la Carogna","2019/2020","Ceppitelli",NA,"D"
"Gullo","Deportivo la Carogna","2019/2020","Kolarov","44","D"
"Gullo","Deportivo la Carogna","2019/2020","Rodriguez R.",NA,"D"
"Gullo","Deportivo la Carogna","2019/2020","Calabria",NA,"D"
"Gullo","Deportivo la Carogna","2019/2020","Ghoulam",NA,"D"
"Gullo","Deportivo la Carogna","2019/2020","Asamoah",NA,"D"
"Gullo","Deportivo la Carogna","2019/2020","Samir",NA,"D"
"Gullo","Deportivo la Carogna","2019/2020","Cacciatore",NA,"D"
"Gullo","Deportivo la Carogna","2019/2020","Soriano",NA,"C"
"Gullo","Deportivo la Carogna","2019/2020","Bernardeschi",NA,"C"
"Gullo","Deportivo la Carogna","2019/2020","Perotti",NA,"C"
"Gullo","Deportivo la Carogna","2019/2020","Jankto",NA,"C"
"Gullo","Deportivo la Carogna","2019/2020","Linetty",NA,"C"
"Gullo","Deportivo la Carogna","2019/2020","Ruiz",NA,"C"
"Gullo","Deportivo la Carogna","2019/2020","Callejon",NA,"C"
"Gullo","Deportivo la Carogna","2019/2020",NA,NA,"C"
"Gullo","Deportivo la Carogna","2019/2020","Lukaku","220","A"
"Gullo","Deportivo la Carogna","2019/2020","Pinamonti",NA,"A"
"Gullo","Deportivo la Carogna","2019/2020","Babacar",NA,"A"
"Gullo","Deportivo la Carogna","2019/2020","Castillejo",NA,"A"
"Gullo","Deportivo la Carogna","2019/2020","Okaka",NA,"A"
"Gullo","Deportivo la Carogna","2019/2020","Di Francesco",NA,"A"
"Gullo","Sbocca Juniors","2020/2021","Audero",NA,"P"
"Gullo","Sbocca Juniors","2020/2021","Perin",NA,"P"
"Gullo","Sbocca Juniors","2020/2021",NA,NA,"P"
"Gullo","Sbocca Juniors","2020/2021","D'ambrosio",NA,"D"
"Gullo","Sbocca Juniors","2020/2021","Caldirola",NA,"D"
"Gullo","Sbocca Juniors","2020/2021","Romagnoli",NA,"D"
"Gullo","Sbocca Juniors","2020/2021","Chiellini",NA,"D"
"Gullo","Sbocca Juniors","2020/2021","Gagliolo",NA,"D"
"Gullo","Sbocca Juniors","2020/2021","Bonucci",NA,"D"
"Gullo","Sbocca Juniors","2020/2021","Faraoni",NA,"D"
"Gullo","Sbocca Juniors","2020/2021","Toloi",NA,"D"
"Gullo","Sbocca Juniors","2020/2021","Zaccagni",NA,"C"
"Gullo","Sbocca Juniors","2020/2021","Malinovskyi",NA,"C"
"Gullo","Sbocca Juniors","2020/2021","Nainggolan",NA,"C"
"Gullo","Sbocca Juniors","2020/2021","Zaniolo",NA,"C"
"Gullo","Sbocca Juniors","2020/2021","Pellegrini Lo.",NA,"C"
"Gullo","Sbocca Juniors","2020/2021","Locatelli",NA,"C"
"Gullo","Sbocca Juniors","2020/2021","Vidal","40","C"
"Gullo","Sbocca Juniors","2020/2021","Bentancur",NA,"C"
"Gullo","Sbocca Juniors","2020/2021","Immobile",NA,"A"
"Gullo","Sbocca Juniors","2020/2021","Vlahovic",NA,"A"
"Gullo","Sbocca Juniors","2020/2021","Simeone",NA,"A"
"Gullo","Sbocca Juniors","2020/2021","Insigne",NA,"A"
"Gullo","Sbocca Juniors","2020/2021","Mertens",NA,"A"
"Gullo","Sbocca Juniors","2020/2021","Correa",NA,"A"
"Gullo","Sbocca Juniors","2021/2022","Rui Patricio","34","P"
"Gullo","Sbocca Juniors","2021/2022","Fuzato","1","P"
"Gullo","Sbocca Juniors","2021/2022","Boer","1","P"
"Gullo","Sbocca Juniors","2021/2022","Cuadrado","45","D"
"Gullo","Sbocca Juniors","2021/2022","Faraoni","14","D"
"Gullo","Sbocca Juniors","2021/2022","Bremer","8","D"
"Gullo","Sbocca Juniors","2021/2022","Chiellini","7","D"
"Gullo","Sbocca Juniors","2021/2022","Yoshida","3","D"
"Gullo","Sbocca Juniors","2021/2022","Chiriches","1","D"
"Gullo","Sbocca Juniors","2021/2022","Odriozola","5","D"
"Gullo","Sbocca Juniors","2021/2022","Ismajli","1","D"
"Gullo","Sbocca Juniors","2021/2022","Malinovskyi","40","C"
"Gullo","Sbocca Juniors","2021/2022","Pasalic","12","C"
"Gullo","Sbocca Juniors","2021/2022","Barak","23","C"
"Gullo","Sbocca Juniors","2021/2022","Locatelli","20","C"
"Gullo","Sbocca Juniors","2021/2022","Damsgaard","24","C"
"Gullo","Sbocca Juniors","2021/2022","Perisic","30","C"
"Gullo","Sbocca Juniors","2021/2022","Bajrami","8","C"
"Gullo","Sbocca Juniors","2021/2022","Pobega","2","C"
"Gullo","Sbocca Juniors","2021/2022","Ibrahimovic","81","A"
"Gullo","Sbocca Juniors","2021/2022","Joao Pedro","91","A"
"Gullo","Sbocca Juniors","2021/2022","Nzola","1","A"
"Gullo","Sbocca Juniors","2021/2022","Simy","40","A"
"Gullo","Sbocca Juniors","2021/2022","Gyasi","1","A"
"Gullo","Sbocca Juniors","2021/2022","Simeone","4","A"
"Gullo","Sbocca Juniors","2022/2023","Montipo'","10","P"
"Gullo","Sbocca Juniors","2022/2023","Silvestri","3","P"
"Gullo","Sbocca Juniors","2022/2023","Provedel","20","P"
"Gullo","Sbocca Juniors","2022/2023","Bastoni","19","D"
"Gullo","Sbocca Juniors","2022/2023","Smalling","17","D"
"Gullo","Sbocca Juniors","2022/2023","Udogie","19","D"
"Gullo","Sbocca Juniors","2022/2023","Biraghi","16","D"
"Gullo","Sbocca Juniors","2022/2023","Mancini","7","D"
"Gullo","Sbocca Juniors","2022/2023","Erlic","10","D"
"Gullo","Sbocca Juniors","2022/2023","Mario Rui","5","D"
"Gullo","Sbocca Juniors","2022/2023","Ismajli","1","D"
"Gullo","Sbocca Juniors","2022/2023","Milinkovic-Savic","71","C"
"Gullo","Sbocca Juniors","2022/2023","Bonaventura","23","C"
"Gullo","Sbocca Juniors","2022/2023","Brozovic","15","C"
"Gullo","Sbocca Juniors","2022/2023","Ilic","5","C"
"Gullo","Sbocca Juniors","2022/2023","Sensi","3","C"
"Gullo","Sbocca Juniors","2022/2023","Maggiore","6","C"
"Gullo","Sbocca Juniors","2022/2023","Makengo","1","C"
"Gullo","Sbocca Juniors","2022/2023","Matic","2","C"
"Gullo","Sbocca Juniors","2022/2023","Zapata D.","117","A"
"Gullo","Sbocca Juniors","2022/2023","Caprari","13","A"
"Gullo","Sbocca Juniors","2022/2023","Jovic","67","A"
"Gullo","Sbocca Juniors","2022/2023","Sanabria","42","A"
"Gullo","Sbocca Juniors","2022/2023","Milik","3","A"
"Gullo","Sbocca Juniors","2022/2023","Success","1","A"
"Gullo","Sbocca Juniors","2023/2024","Audero","1","P"
"Gullo","Sbocca Juniors","2023/2024","Di Gennaro","1","P"
"Gullo","Sbocca Juniors","2023/2024","Sommer","41","P"
"Gullo","Sbocca Juniors","2023/2024","Toloi","1","D"
"Gullo","Sbocca Juniors","2023/2024","Rodriguez R.","1","D"
"Gullo","Sbocca Juniors","2023/2024","Danilo","26","D"
"Gullo","Sbocca Juniors","2023/2024","Rrahmani","20","D"
"Gullo","Sbocca Juniors","2023/2024","Mari'","1","D"
"Gullo","Sbocca Juniors","2023/2024","Bradaric","1","D"
"Gullo","Sbocca Juniors","2023/2024","Baschirotto","7","D"
"Gullo","Sbocca Juniors","2023/2024","Natan","4","D"
"Gullo","Sbocca Juniors","2023/2024","De Roon","2","C"
"Gullo","Sbocca Juniors","2023/2024","Lazovic","5","C"
"Gullo","Sbocca Juniors","2023/2024","Pulisic","52","C"
"Gullo","Sbocca Juniors","2023/2024","Zambo Anguissa","9","C"
"Gullo","Sbocca Juniors","2023/2024","Arthur","1","C"
"Gullo","Sbocca Juniors","2023/2024","Bajrami","12","C"
"Gullo","Sbocca Juniors","2023/2024","Ederson D.s.","3","C"
"Gullo","Sbocca Juniors","2023/2024","Kamada","25","C"
"Gullo","Sbocca Juniors","2023/2024","Belotti","3","A"
"Gullo","Sbocca Juniors","2023/2024","Kean","1","A"
"Gullo","Sbocca Juniors","2023/2024","Lukaku","199","A"
"Gullo","Sbocca Juniors","2023/2024","Barrow *","1","A"
"Gullo","Sbocca Juniors","2023/2024","Gonzalez N.","80","A"
"Gullo","Sbocca Juniors","2023/2024","Mota","1","A"
"Jack","Fanta Figa","2018/2019","Berisha",NA,"P"
"Jack","Fanta Figa","2018/2019","Sorrentino",NA,"P"
"Jack","Fanta Figa","2018/2019",NA,NA,"P"
"Jack","Fanta Figa","2018/2019","Vrsaljko",NA,"D"
"Jack","Fanta Figa","2018/2019","Mario Rui",NA,"D"
"Jack","Fanta Figa","2018/2019",NA,NA,"D"
"Jack","Fanta Figa","2018/2019",NA,NA,"D"
"Jack","Fanta Figa","2018/2019",NA,NA,"D"
"Jack","Fanta Figa","2018/2019",NA,NA,"D"
"Jack","Fanta Figa","2018/2019",NA,NA,"D"
"Jack","Fanta Figa","2018/2019",NA,NA,"D"
"Jack","Fanta Figa","2018/2019","Luis Alberto",NA,"C"
"Jack","Fanta Figa","2018/2019","Perisic",NA,"C"
"Jack","Fanta Figa","2018/2019","Kurtic",NA,"C"
"Jack","Fanta Figa","2018/2019",NA,NA,"C"
"Jack","Fanta Figa","2018/2019",NA,NA,"C"
"Jack","Fanta Figa","2018/2019",NA,NA,"C"
"Jack","Fanta Figa","2018/2019",NA,NA,"C"
"Jack","Fanta Figa","2018/2019",NA,NA,"C"
"Jack","Fanta Figa","2018/2019","Quagliarella",NA,"A"
"Jack","Fanta Figa","2018/2019","Caputo",NA,"A"
"Jack","Fanta Figa","2018/2019","Insigne",NA,"A"
"Jack","Fanta Figa","2018/2019","Stepinski",NA,"A"
"Jack","Fanta Figa","2018/2019","Mertens",NA,"A"
"Jack","Fanta Figa","2018/2019","Iago Falque",NA,"A"
"Jack","Fanta Figa","2019/2020","Ospina",NA,"P"
"Jack","Fanta Figa","2019/2020",NA,NA,"P"
"Jack","Fanta Figa","2019/2020",NA,NA,"P"
"Jack","Fanta Figa","2019/2020","Chancellor",NA,"D"
"Jack","Fanta Figa","2019/2020","Gagliolo",NA,"D"
"Jack","Fanta Figa","2019/2020","Bocchetti",NA,"D"
"Jack","Fanta Figa","2019/2020","Gosens",NA,"D"
"Jack","Fanta Figa","2019/2020","Godin",NA,"D"
"Jack","Fanta Figa","2019/2020","Ghiglione",NA,"D"
"Jack","Fanta Figa","2019/2020","D'ambrosio",NA,"D"
"Jack","Fanta Figa","2019/2020","Bonifazi",NA,"D"
"Jack","Fanta Figa","2019/2020","Duncan",NA,"C"
"Jack","Fanta Figa","2019/2020","Sensi",NA,"C"
"Jack","Fanta Figa","2019/2020","Kulusevski",NA,"C"
"Jack","Fanta Figa","2019/2020","Kurtic",NA,"C"
"Jack","Fanta Figa","2019/2020","Ramsey",NA,"C"
"Jack","Fanta Figa","2019/2020","Castrovilli",NA,"C"
"Jack","Fanta Figa","2019/2020","Traore Hj",NA,"C"
"Jack","Fanta Figa","2019/2020","Lucas Leiva",NA,"C"
"Jack","Fanta Figa","2019/2020","Kouame'",NA,"A"
"Jack","Fanta Figa","2019/2020","Zaza",NA,"A"
"Jack","Fanta Figa","2019/2020","Gervinho",NA,"A"
"Jack","Fanta Figa","2019/2020","Zapata D.",NA,"A"
"Jack","Fanta Figa","2019/2020","Joao Pedro",NA,"A"
"Jack","Fanta Figa","2019/2020",NA,NA,"A"
"Jack","Fanta Figa","2020/2021","Donnarumma G.",NA,"P"
"Jack","Fanta Figa","2020/2021","Tatarusanu",NA,"P"
"Jack","Fanta Figa","2020/2021","Cordaz",NA,"P"
"Jack","Fanta Figa","2020/2021","Gosens",NA,"D"
"Jack","Fanta Figa","2020/2021","Young",NA,"D"
"Jack","Fanta Figa","2020/2021","Smalling",NA,"D"
"Jack","Fanta Figa","2020/2021","Gunter",NA,"D"
"Jack","Fanta Figa","2020/2021","Ayhan",NA,"D"
"Jack","Fanta Figa","2020/2021","Letizia",NA,"D"
"Jack","Fanta Figa","2020/2021","Ferrari G.",NA,"D"
"Jack","Fanta Figa","2020/2021","Karsdorp",NA,"D"
"Jack","Fanta Figa","2020/2021","Candreva",NA,"C"
"Jack","Fanta Figa","2020/2021","Kessie",NA,"C"
"Jack","Fanta Figa","2020/2021","Zielinski",NA,"C"
"Jack","Fanta Figa","2020/2021","Pasalic",NA,"C"
"Jack","Fanta Figa","2020/2021","Kurtic",NA,"C"
"Jack","Fanta Figa","2020/2021","Cyprien",NA,"C"
"Jack","Fanta Figa","2020/2021","Soriano",NA,"C"
"Jack","Fanta Figa","2020/2021",NA,NA,"C"
"Jack","Fanta Figa","2020/2021","Zapata D.",NA,"A"
"Jack","Fanta Figa","2020/2021","Joao Pedro",NA,"A"
"Jack","Fanta Figa","2020/2021","Caicedo",NA,"A"
"Jack","Fanta Figa","2020/2021","Kouame'",NA,"A"
"Jack","Fanta Figa","2020/2021","Lapadula",NA,"A"
"Jack","Fanta Figa","2020/2021","Rafael Leao",NA,"A"
"Jack","SS FelLazio","2021/2022","Maignan","32","P"
"Jack","SS FelLazio","2021/2022","Plizzari","1","P"
"Jack","SS FelLazio","2021/2022","Tatarusanu","1","P"
"Jack","SS FelLazio","2021/2022","Skriniar","29","D"
"Jack","SS FelLazio","2021/2022","Karsdorp","15","D"
"Jack","SS FelLazio","2021/2022","Di Lorenzo","13","D"
"Jack","SS FelLazio","2021/2022","Colley","8","D"
"Jack","SS FelLazio","2021/2022","Florenzi","10","D"
"Jack","SS FelLazio","2021/2022","Amian","1","D"
"Jack","SS FelLazio","2021/2022","Ceppitelli","1","D"
"Jack","SS FelLazio","2021/2022","Ghiglione","1","D"
"Jack","SS FelLazio","2021/2022","Milinkovic-Savic","53","C"
"Jack","SS FelLazio","2021/2022","Barella","39","C"
"Jack","SS FelLazio","2021/2022","Traore Hj","12","C"
"Jack","SS FelLazio","2021/2022","Strootman","1","C"
"Jack","SS FelLazio","2021/2022","Demme","1","C"
"Jack","SS FelLazio","2021/2022","Ekdal","1","C"
"Jack","SS FelLazio","2021/2022","Tonali","7","C"
"Jack","SS FelLazio","2021/2022","Coutibaly M.","1","C"
"Jack","SS FelLazio","2021/2022","Martinez L.","168","A"
"Jack","SS FelLazio","2021/2022","Politano","8","A"
"Jack","SS FelLazio","2021/2022","Boga","6","A"
"Jack","SS FelLazio","2021/2022","Gonzalez N.","57","A"
"Jack","SS FelLazio","2021/2022","Deulofeu","12","A"
"Jack","SS FelLazio","2021/2022","Carles Perez","1","A"
"Jack","SS FelLazio","2022/2023","Szczesny","41","P"
"Jack","SS FelLazio","2022/2023","Falcone","1","P"
"Jack","SS FelLazio","2022/2023","Perin","1","P"
"Jack","SS FelLazio","2022/2023","Bremer","26","D"
"Jack","SS FelLazio","2022/2023","Rrahmani","17","D"
"Jack","SS FelLazio","2022/2023","Bastoni S.","14","D"
"Jack","SS FelLazio","2022/2023","Parisi","6","D"
"Jack","SS FelLazio","2022/2023","D'ambrosio","1","D"
"Jack","SS FelLazio","2022/2023","Kyriakopoulos","6","D"
"Jack","SS FelLazio","2022/2023","Medel","1","D"
"Jack","SS FelLazio","2022/2023","Sernicola","1","D"
"Jack","SS FelLazio","2022/2023","Calhanoglu","52","C"
"Jack","SS FelLazio","2022/2023","Luis Alberto","32","C"
"Jack","SS FelLazio","2022/2023","Bajrami","16","C"
"Jack","SS FelLazio","2022/2023","Tameze","5","C"
"Jack","SS FelLazio","2022/2023","Pessina","7","C"
"Jack","SS FelLazio","2022/2023","Gagliardini","1","C"
"Jack","SS FelLazio","2022/2023","Schouten","1","C"
"Jack","SS FelLazio","2022/2023","Kovalenko","1","C"
"Jack","SS FelLazio","2022/2023","Dybala","131","A"
"Jack","SS FelLazio","2022/2023","Pinamonti","51","A"
"Jack","SS FelLazio","2022/2023","Correa","13","A"
"Jack","SS FelLazio","2022/2023","Lookman","48","A"
"Jack","SS FelLazio","2022/2023","Okereke","10","A"
"Jack","SS FelLazio","2022/2023","Kouame'","1","A"
"Pape","Patatinaikos","2018/2019","Sirigu",NA,"P"
"Pape","Patatinaikos","2018/2019",NA,NA,"P"
"Pape","Patatinaikos","2018/2019",NA,NA,"P"
"Pape","Patatinaikos","2018/2019","Milenkovic",NA,"D"
"Pape","Patatinaikos","2018/2019","Mattiello",NA,"D"
"Pape","Patatinaikos","2018/2019","Hateboer",NA,"D"
"Pape","Patatinaikos","2018/2019","Romagnoli",NA,"D"
"Pape","Patatinaikos","2018/2019","De Silvestri",NA,"D"
"Pape","Patatinaikos","2018/2019","Helander",NA,"D"
"Pape","Patatinaikos","2018/2019","Stryger Larsen",NA,"D"
"Pape","Patatinaikos","2018/2019","Criscito",NA,"D"
"Pape","Patatinaikos","2018/2019","Barella",NA,"C"
"Pape","Patatinaikos","2018/2019","Bonaventura",NA,"C"
"Pape","Patatinaikos","2018/2019","Freuler",NA,"C"
"Pape","Patatinaikos","2018/2019","Bernardeschi",NA,"C"
"Pape","Patatinaikos","2018/2019","Pellegrini Lo.",NA,"C"
"Pape","Patatinaikos","2018/2019",NA,NA,"C"
"Pape","Patatinaikos","2018/2019",NA,NA,"C"
"Pape","Patatinaikos","2018/2019",NA,NA,"C"
"Pape","Patatinaikos","2018/2019","Pavoletti",NA,"A"
"Pape","Patatinaikos","2018/2019","Immobile",NA,"A"
"Pape","Patatinaikos","2018/2019","Under",NA,"A"
"Pape","Patatinaikos","2018/2019","Inglese",NA,"A"
"Pape","Patatinaikos","2018/2019","Falcinelli",NA,"A"
"Pape","Patatinaikos","2018/2019","Zaza","Sansone","A"
"Pape","Patatinaikos","2019/2020","Joronen",NA,"P"
"Pape","Patatinaikos","2019/2020","Audero",NA,"P"
"Pape","Patatinaikos","2019/2020","Pau Lopez",NA,"P"
"Pape","Patatinaikos","2019/2020","Hernandez T.",NA,"D"
"Pape","Patatinaikos","2019/2020","Alex Sandro",NA,"D"
"Pape","Patatinaikos","2019/2020","Toloi",NA,"D"
"Pape","Patatinaikos","2019/2020","Manolas",NA,"D"
"Pape","Patatinaikos","2019/2020","De Silvestri",NA,"D"
"Pape","Patatinaikos","2019/2020",NA,NA,"D"
"Pape","Patatinaikos","2019/2020",NA,NA,"D"
"Pape","Patatinaikos","2019/2020",NA,NA,"D"
"Pape","Patatinaikos","2019/2020","De Paul",NA,"C"
"Pape","Patatinaikos","2019/2020","Milinkovic-Savic",NA,"C"
"Pape","Patatinaikos","2019/2020","Rog",NA,"C"
"Pape","Patatinaikos","2019/2020","Ansaldi",NA,"C"
"Pape","Patatinaikos","2019/2020",NA,NA,"C"
"Pape","Patatinaikos","2019/2020",NA,NA,"C"
"Pape","Patatinaikos","2019/2020",NA,NA,"C"
"Pape","Patatinaikos","2019/2020",NA,NA,"C"
"Pape","Patatinaikos","2019/2020","Quagliarella",NA,"A"
"Pape","Patatinaikos","2019/2020","Insigne",NA,"A"
"Pape","Patatinaikos","2019/2020","Berardi",NA,"A"
"Pape","Patatinaikos","2019/2020","Petagna",NA,"A"
"Pape","Patatinaikos","2019/2020","Boateng",NA,"A"
"Pape","Patatinaikos","2019/2020",NA,NA,"A"
"Pape","Patatinaikos","2021/2022","Reina","29","P"
"Pape","Patatinaikos","2021/2022","Silvestri","12","P"
"Pape","Patatinaikos","2021/2022","Strakosha","1","P"
"Pape","Patatinaikos","2021/2022","Zappacosta","17","D"
"Pape","Patatinaikos","2021/2022","Koulibaly","22","D"
"Pape","Patatinaikos","2021/2022","Calabria","14","D"
"Pape","Patatinaikos","2021/2022","Spinazzola","7","D"
"Pape","Patatinaikos","2021/2022","Ansaldi","3","D"
"Pape","Patatinaikos","2021/2022","De Silvestri","6","D"
"Pape","Patatinaikos","2021/2022","Vina","12","D"
"Pape","Patatinaikos","2021/2022","Ibanez","4","D"
"Pape","Patatinaikos","2021/2022","Chiesa","52","C"
"Pape","Patatinaikos","2021/2022","Candreva","10","C"
"Pape","Patatinaikos","2021/2022","Miranchuk","6","C"
"Pape","Patatinaikos","2021/2022","Ilic","4","C"
"Pape","Patatinaikos","2021/2022","Pereiro","2","C"
"Pape","Patatinaikos","2021/2022","Verre","2","C"
"Pape","Patatinaikos","2021/2022","Cristante","3","C"
"Pape","Patatinaikos","2021/2022","Lopez M.","1","C"
"Pape","Patatinaikos","2021/2022","Belotti","77","A"
"Pape","Patatinaikos","2021/2022","Dybala","134","A"
"Pape","Patatinaikos","2021/2022","Mertens","24","A"
"Pape","Patatinaikos","2021/2022","Raspadori","46","A"
"Pape","Patatinaikos","2021/2022","El Shaarawy","1","A"
"Pape","Patatinaikos","2021/2022","Bonazzoli","1","A"
"Pape","Scrotone","2023/2024","Skorupski","9","P"
"Pape","Scrotone","2023/2024","Rui Patricio","30","P"
"Pape","Scrotone","2023/2024","Svilar","1","P"
"Pape","Scrotone","2023/2024","Dimarco","35","D"
"Pape","Scrotone","2023/2024","Faraoni","7","D"
"Pape","Scrotone","2023/2024","Martin","2","D"
"Pape","Scrotone","2023/2024","Smalling","11","D"
"Pape","Scrotone","2023/2024","Bellanova","5","D"
"Pape","Scrotone","2023/2024","Casale","5","D"
"Pape","Scrotone","2023/2024","Olivera","3","D"
"Pape","Scrotone","2023/2024","Azzi","1","D"
"Pape","Scrotone","2023/2024","El Shaarawy","8","C"
"Pape","Scrotone","2023/2024","Luis Alberto","35","C"
"Pape","Scrotone","2023/2024","Elmas","7","C"
"Pape","Scrotone","2023/2024","Messias","1","C"
"Pape","Scrotone","2023/2024","Baldanzi","11","C"
"Pape","Scrotone","2023/2024","Lovric","10","C"
"Pape","Scrotone","2023/2024","Ciurria","11","C"
"Pape","Scrotone","2023/2024","Fabbian","1","C"
"Pape","Scrotone","2023/2024","Dybala","100","A"
"Pape","Scrotone","2023/2024","Scamacca","86","A"
"Pape","Scrotone","2023/2024","Raspadori","6","A"
"Pape","Scrotone","2023/2024","Dia","90","A"
"Pape","Scrotone","2023/2024","Lauriente'","20","A"
"Pape","Scrotone","2023/2024","Karlsson","1","A"
"Pasol","MVPippe","2018/2019","Strakosha",NA,"P"
"Pasol","MVPippe","2018/2019",NA,NA,"P"
"Pasol","MVPippe","2018/2019",NA,NA,"P"
"Pasol","MVPippe","2018/2019","Palomino",NA,"D"
"Pasol","MVPippe","2018/2019","Cancelo",NA,"D"
"Pasol","MVPippe","2018/2019","Rugani",NA,"D"
"Pasol","MVPippe","2018/2019",NA,NA,"D"
"Pasol","MVPippe","2018/2019",NA,NA,"D"
"Pasol","MVPippe","2018/2019",NA,NA,"D"
"Pasol","MVPippe","2018/2019",NA,NA,"D"
"Pasol","MVPippe","2018/2019",NA,NA,"D"
"Pasol","MVPippe","2018/2019","Nzonzi",NA,"C"
"Pasol","MVPippe","2018/2019","Calhanoglu",NA,"C"
"Pasol","MVPippe","2018/2019",NA,NA,"C"
"Pasol","MVPippe","2018/2019",NA,NA,"C"
"Pasol","MVPippe","2018/2019",NA,NA,"C"
"Pasol","MVPippe","2018/2019",NA,NA,"C"
"Pasol","MVPippe","2018/2019",NA,NA,"C"
"Pasol","MVPippe","2018/2019",NA,NA,"C"
"Pasol","MVPippe","2018/2019","Piatek",NA,"A"
"Pasol","MVPippe","2018/2019","Papu Gomez",NA,"A"
"Pasol","MVPippe","2018/2019","Dybala",NA,"A"
"Pasol","MVPippe","2018/2019","La Gumina",NA,"A"
"Pasol","MVPippe","2018/2019","Kluivert",NA,"A"
"Pasol","MVPippe","2018/2019",NA,NA,"A"
"Pasol","MVPippe","2019/2020","Reina",NA,"P"
"Pasol","MVPippe","2019/2020","Donnarumma G.",NA,"P"
"Pasol","MVPippe","2019/2020","Radu I.",NA,"P"
"Pasol","MVPippe","2019/2020","Criscito",NA,"D"
"Pasol","MVPippe","2019/2020","Tomiyasu",NA,"D"
"Pasol","MVPippe","2019/2020","Caldara",NA,"D"
"Pasol","MVPippe","2019/2020","Danilo L.",NA,"D"
"Pasol","MVPippe","2019/2020","Castagne",NA,"D"
"Pasol","MVPippe","2019/2020","Danilo",NA,"D"
"Pasol","MVPippe","2019/2020","Palomino",NA,"D"
"Pasol","MVPippe","2019/2020",NA,NA,"D"
"Pasol","MVPippe","2019/2020","Pulgar",NA,"C"
"Pasol","MVPippe","2019/2020","Pellegrini Lo.",NA,"C"
"Pasol","MVPippe","2019/2020","Bennacer",NA,"C"
"Pasol","MVPippe","2019/2020","Pjanic",NA,"C"
"Pasol","MVPippe","2019/2020","Zielinski",NA,"C"
"Pasol","MVPippe","2019/2020","Tonali",NA,"C"
"Pasol","MVPippe","2019/2020","Cuadrado",NA,"C"
"Pasol","MVPippe","2019/2020",NA,NA,"C"
"Pasol","MVPippe","2019/2020","Inglese",NA,"A"
"Pasol","MVPippe","2019/2020","Donnarumma A.",NA,"A"
"Pasol","MVPippe","2019/2020","Pavoletti",NA,"A"
"Pasol","MVPippe","2019/2020","Under",NA,"A"
"Pasol","MVPippe","2019/2020","Mertens",NA,"A"
"Pasol","MVPippe","2019/2020","Belotti",NA,"A"
"Pasol","MVPippe","2020/2021","Szczesny","28","P"
"Pasol","MVPippe","2020/2021","Sirigu","5","P"
"Pasol","MVPippe","2020/2021","Buffon","3","P"
"Pasol","MVPippe","2020/2021","Koulibaly","26","D"
"Pasol","MVPippe","2020/2021","Hateboer","25","D"
"Pasol","MVPippe","2020/2021","Alex Sandro","11","D"
"Pasol","MVPippe","2020/2021","Mancini","6","D"
"Pasol","MVPippe","2020/2021","Djimsiti","2","D"
"Pasol","MVPippe","2020/2021","Kjaer","6","D"
"Pasol","MVPippe","2020/2021","Dalot","1","D"
"Pasol","MVPippe","2020/2021","Demiral","1","D"
"Pasol","MVPippe","2020/2021","Chiesa","23","C"
"Pasol","MVPippe","2020/2021","Veretout","24","C"
"Pasol","MVPippe","2020/2021","Djuricic","17","C"
"Pasol","MVPippe","2020/2021","Lazzari","8","C"
"Pasol","MVPippe","2020/2021","Brozovic","1","C"
"Pasol","MVPippe","2020/2021","Bakayoko","5","C"
"Pasol","MVPippe","2020/2021","Ricci S.","4","C"
"Pasol","MVPippe","2020/2021","Saelemaekers","1","C"
"Pasol","MVPippe","2020/2021","Belotti","108","A"
"Pasol","MVPippe","2020/2021","Berardi","49","A"
"Pasol","MVPippe","2020/2021","Rebic","30","A"
"Pasol","MVPippe","2020/2021","Boga","37","A"
"Pasol","MVPippe","2020/2021","Lozano","3","A"
"Pasol","MVPippe","2020/2021","Lammers","1","A"
"Pasol","HERTA VERNELLO","2021/2022","Cragno","10","P"
"Pasol","HERTA VERNELLO","2021/2022","Milinkovic-Savic V.","4","P"
"Pasol","HERTA VERNELLO","2021/2022","Sirigu","5","P"
"Pasol","HERTA VERNELLO","2021/2022","Molina N.","25","D"
"Pasol","HERTA VERNELLO","2021/2022","Acerbi","14","D"
"Pasol","HERTA VERNELLO","2021/2022","De Ligt","10","D"
"Pasol","HERTA VERNELLO","2021/2022","Biraghi","9","D"
"Pasol","HERTA VERNELLO","2021/2022","Criscito","4","D"
"Pasol","HERTA VERNELLO","2021/2022","Zappa","1","D"
"Pasol","HERTA VERNELLO","2021/2022","Marusic","1","D"
"Pasol","HERTA VERNELLO","2021/2022","Demiral","2","D"
"Pasol","HERTA VERNELLO","2021/2022","Luis Alberto","50","C"
"Pasol","HERTA VERNELLO","2021/2022","Kulusevski","22","C"
"Pasol","HERTA VERNELLO","2021/2022","Pereyra","26","C"
"Pasol","HERTA VERNELLO","2021/2022","Pessina","16","C"
"Pasol","HERTA VERNELLO","2021/2022","De Roon","3","C"
"Pasol","HERTA VERNELLO","2021/2022","Elmas","5","C"
"Pasol","HERTA VERNELLO","2021/2022","Krunic","1","C"
"Pasol","HERTA VERNELLO","2021/2022","Ihattaren","1","C"
"Pasol","HERTA VERNELLO","2021/2022","Immobile","201","A"
"Pasol","HERTA VERNELLO","2021/2022","Rebic","8","A"
"Pasol","HERTA VERNELLO","2021/2022","Ilicic","24","A"
"Pasol","HERTA VERNELLO","2021/2022","Rafael Leao","46","A"
"Pasol","HERTA VERNELLO","2021/2022","Petagna","1","A"
"Pasol","HERTA VERNELLO","2021/2022","Muriqi","1","A"
"Pasol","HERTA VERNELLO","2022/2023","Gollini","26","P"
"Pasol","HERTA VERNELLO","2022/2023","Skorupski","4","P"
"Pasol","HERTA VERNELLO","2022/2023","Cragno","2","P"
"Pasol","HERTA VERNELLO","2022/2023","Gosens","11","D"
"Pasol","HERTA VERNELLO","2022/2023","Dodo'","16","D"
"Pasol","HERTA VERNELLO","2022/2023","Romagnoli","9","D"
"Pasol","HERTA VERNELLO","2022/2023","Igor","8","D"
"Pasol","HERTA VERNELLO","2022/2023","Maehle","10","D"
"Pasol","HERTA VERNELLO","2022/2023","Toloi","5","D"
"Pasol","HERTA VERNELLO","2022/2023","Nuytinck","1","D"
"Pasol","HERTA VERNELLO","2022/2023","Olivera","3","D"
"Pasol","HERTA VERNELLO","2022/2023","Pellegrini Lo.","59","C"
"Pasol","HERTA VERNELLO","2022/2023","Traore Hj.","6","C"
"Pasol","HERTA VERNELLO","2022/2023","Politano","16","C"
"Pasol","HERTA VERNELLO","2022/2023","Ederson D.s.","26","C"
"Pasol","HERTA VERNELLO","2022/2023","Zambo Anguissa","6","C"
"Pasol","HERTA VERNELLO","2022/2023","Elmas","3","C"
"Pasol","HERTA VERNELLO","2022/2023","Marcos Antonio","1","C"
"Pasol","HERTA VERNELLO","2022/2023","Krunic","1","C"
"Pasol","HERTA VERNELLO","2022/2023","Immobile","209","A"
"Pasol","HERTA VERNELLO","2022/2023","Muriel","51","A"
"Pasol","HERTA VERNELLO","2022/2023","Caputo","6","A"
"Pasol","HERTA VERNELLO","2022/2023","Alvarez A.","1","A"
"Pasol","HERTA VERNELLO","2022/2023","Ceesay","17","A"
"Pasol","HERTA VERNELLO","2022/2023","Cancellieri","1","A"
"Pasol","HERTA VERNELLO","2023/2024","Radunovic","2","P"
"Pasol","HERTA VERNELLO","2023/2024","Meret","37","P"
"Pasol","HERTA VERNELLO","2023/2024","Gollini","1","P"
"Pasol","HERTA VERNELLO","2023/2024","Calabria","4","D"
"Pasol","HERTA VERNELLO","2023/2024","Bremer","17","D"
"Pasol","HERTA VERNELLO","2023/2024","Tomori","13","D"
"Pasol","HERTA VERNELLO","2023/2024","Kalulu","1","D"
"Pasol","HERTA VERNELLO","2023/2024","Llorente D.","1","D"
"Pasol","HERTA VERNELLO","2023/2024","Ebosele","1","D"
"Pasol","HERTA VERNELLO","2023/2024","Dodo'","12","D"
"Pasol","HERTA VERNELLO","2023/2024","Posch","17","D"
"Pasol","HERTA VERNELLO","2023/2024","Krunic","1","C"
"Pasol","HERTA VERNELLO","2023/2024","Felipe Anderson","49","C"
"Pasol","HERTA VERNELLO","2023/2024","Locatelli","1","C"
"Pasol","HERTA VERNELLO","2023/2024","Rovella","1","C"
"Pasol","HERTA VERNELLO","2023/2024","Chukwueze","25","C"
"Pasol","HERTA VERNELLO","2023/2024","Musah","1","C"
"Pasol","HERTA VERNELLO","2023/2024","Ricci S.","7","C"
"Pasol","HERTA VERNELLO","2023/2024","Ferguson","21","C"
"Pasol","HERTA VERNELLO","2023/2024","Lapadula","1","A"
"Pasol","HERTA VERNELLO","2023/2024","Karamoh","1","A"
"Pasol","HERTA VERNELLO","2023/2024","Rafael Leao","191","A"
"Pasol","HERTA VERNELLO","2023/2024","Thuram","60","A"
"Pasol","HERTA VERNELLO","2023/2024","Isaksen","1","A"
"Pasol","HERTA VERNELLO","2023/2024","Beltran L.","32","A"
"Ricky","Tigrotto","2022/2023","Rui Patricio","36","P"
"Ricky","Tigrotto","2022/2023","Sepe","2","P"
"Ricky","Tigrotto","2022/2023","Svilar","1","P"
"Ricky","Tigrotto","2022/2023","Dumfries","30","D"
"Ricky","Tigrotto","2022/2023","Di Lorenzo","16","D"
"Ricky","Tigrotto","2022/2023","Kim","16","D"
"Ricky","Tigrotto","2022/2023","Darmian","4","D"
"Ricky","Tigrotto","2022/2023","Carlos Augusto","1","D"
"Ricky","Tigrotto","2022/2023","Lucumi'","2","D"
"Ricky","Tigrotto","2022/2023","Birindelli","8","D"
"Ricky","Tigrotto","2022/2023","Ebosele","1","D"
"Ricky","Tigrotto","2022/2023","Pasalic","20","C"
"Ricky","Tigrotto","2022/2023","Candreva","7","C"
"Ricky","Tigrotto","2022/2023","Koopmeiners","27","C"
"Ricky","Tigrotto","2022/2023","Strefezza","20","C"
"Ricky","Tigrotto","2022/2023","Lobotka","8","C"
"Ricky","Tigrotto","2022/2023","Lukic","19","C"
"Ricky","Tigrotto","2022/2023","Vilhena","1","C"
"Ricky","Tigrotto","2022/2023","Marin","1","C"
"Ricky","Tigrotto","2022/2023","Osimhen","200","A"
"Ricky","Tigrotto","2022/2023","Deulofeu","32","A"
"Ricky","Tigrotto","2022/2023","Dia","1","A"
"Ricky","Tigrotto","2022/2023","Nzola","20","A"
"Ricky","Tigrotto","2022/2023","Verde","4","A"
"Ricky","Tigrotto","2022/2023","Zanimacchia","1","A"
"Ricky","Tigrotto","2023/2024","Silvestri","4","P"
"Ricky","Tigrotto","2023/2024","Caprile","1","P"
"Ricky","Tigrotto","2023/2024","Turati","1","P"
"Ricky","Tigrotto","2023/2024","Di Lorenzo","40","D"
"Ricky","Tigrotto","2023/2024","Celik","1","D"
"Ricky","Tigrotto","2023/2024","Dragusin","2","D"
"Ricky","Tigrotto","2023/2024","Ebuehi","5","D"
"Ricky","Tigrotto","2023/2024","Dumfries","30","D"
"Ricky","Tigrotto","2023/2024","Cambiaso","24","D"
"Ricky","Tigrotto","2023/2024","Bisseck","1","D"
"Ricky","Tigrotto","2023/2024","Kristensen","7","D"
"Ricky","Tigrotto","2023/2024","Candreva","32","C"
"Ricky","Tigrotto","2023/2024","Klaassen","1","C"
"Ricky","Tigrotto","2023/2024","Strefezza","27","C"
"Ricky","Tigrotto","2023/2024","Kostic","11","C"
"Ricky","Tigrotto","2023/2024","Gudmundsson A.","17","C"
"Ricky","Tigrotto","2023/2024","Lindstrom","25","C"
"Ricky","Tigrotto","2023/2024","Rafia","1","C"
"Ricky","Tigrotto","2023/2024","Folorunsho","1","C"
"Ricky","Tigrotto","2023/2024","Berardi","160","A"
"Ricky","Tigrotto","2023/2024","Ngonge","14","A"
"Ricky","Tigrotto","2023/2024","Almqvist","15","A"
"Ricky","Tigrotto","2023/2024","Brenner","1","A"
"Ricky","Tigrotto","2023/2024","Retegui","60","A"
"Ricky","Tigrotto","2023/2024","Toure' E.","1","A"
"Sacc","Bayer Leverdure","2018/2019","Szczesny","25","P"
"Sacc","Bayer Leverdure","2018/2019","Perin","5","P"
"Sacc","Bayer Leverdure","2018/2019","MIlinkovic-Savic V.","3","P"
"Sacc","Bayer Leverdure","2018/2019","Skriniar","30","D"
"Sacc","Bayer Leverdure","2018/2019","Bonucci","19","D"
"Sacc","Bayer Leverdure","2018/2019","Fazio","17","D"
"Sacc","Bayer Leverdure","2018/2019","Benatia","16","D"
"Sacc","Bayer Leverdure","2018/2019","Djourou","3","D"
"Sacc","Bayer Leverdure","2018/2019","Rodriguez R.","6","D"
"Sacc","Bayer Leverdure","2018/2019","Klavan","2","D"
"Sacc","Bayer Leverdure","2018/2019","Calabria","1","D"
"Sacc","Bayer Leverdure","2018/2019","Costa","35","C"
"Sacc","Bayer Leverdure","2018/2019","Suso","36","C"
"Sacc","Bayer Leverdure","2018/2019","Can","19","C"
"Sacc","Bayer Leverdure","2018/2019","Zielinski","21","C"
"Sacc","Bayer Leverdure","2018/2019","Parolo","16","C"
"Sacc","Bayer Leverdure","2018/2019","Ciciretti","7","C"
"Sacc","Bayer Leverdure","2018/2019","Bakayoko","9","C"
"Sacc","Bayer Leverdure","2018/2019","Zajc","7","C"
"Sacc","Bayer Leverdure","2018/2019","Ronaldo","96","A"
"Sacc","Bayer Leverdure","2018/2019","Lasagna","32","A"
"Sacc","Bayer Leverdure","2018/2019","Defrel","9","A"
"Sacc","Bayer Leverdure","2018/2019","Cutrone","16","A"
"Sacc","Bayer Leverdure","2018/2019","Castillejo","6","A"
"Sacc","Bayer Leverdure","2018/2019","Martinez L.","50","A"
"Sacc","Bayer Leverdure","2019/2020","Sepe",NA,"P"
"Sacc","Bayer Leverdure","2019/2020","Dragowski",NA,"P"
"Sacc","Bayer Leverdure","2019/2020",NA,NA,"P"
"Sacc","Bayer Leverdure","2019/2020","Toljan",NA,"D"
"Sacc","Bayer Leverdure","2019/2020","Milenkovic",NA,"D"
"Sacc","Bayer Leverdure","2019/2020","Luiz Felipe",NA,"D"
"Sacc","Bayer Leverdure","2019/2020","Colley",NA,"D"
"Sacc","Bayer Leverdure","2019/2020","Bruno Alves",NA,"D"
"Sacc","Bayer Leverdure","2019/2020","Romero",NA,"D"
"Sacc","Bayer Leverdure","2019/2020",NA,NA,"D"
"Sacc","Bayer Leverdure","2019/2020",NA,NA,"D"
"Sacc","Bayer Leverdure","2019/2020","Fofana",NA,"C"
"Sacc","Bayer Leverdure","2019/2020","Kucka",NA,"C"
"Sacc","Bayer Leverdure","2019/2020","Zaniolo",NA,"C"
"Sacc","Bayer Leverdure","2019/2020","Suso",NA,"C"
"Sacc","Bayer Leverdure","2019/2020","Zmrhal",NA,"C"
"Sacc","Bayer Leverdure","2019/2020","Spalek",NA,"C"
"Sacc","Bayer Leverdure","2019/2020",NA,NA,"C"
"Sacc","Bayer Leverdure","2019/2020",NA,NA,"C"
"Sacc","Bayer Leverdure","2019/2020","Immobile",NA,"A"
"Sacc","Bayer Leverdure","2019/2020","Boga","1","A"
"Sacc","Bayer Leverdure","2019/2020","Caicedo",NA,"A"
"Sacc","Bayer Leverdure","2019/2020","Balotelli",NA,"A"
"Sacc","Bayer Leverdure","2019/2020","Skov Olsen",NA,"A"
"Sacc","Bayer Leverdure","2019/2020","Iago Falque",NA,"A"
"Sacc","Bayer Leverdure","2020/2021","Gollini","20","P"
"Sacc","Bayer Leverdure","2020/2021","Dragowski","8","P"
"Sacc","Bayer Leverdure","2020/2021","Sportiello","5","P"
"Sacc","Bayer Leverdure","2020/2021","De Ligt","17","D"
"Sacc","Bayer Leverdure","2020/2021","Manolas","17","D"
"Sacc","Bayer Leverdure","2020/2021","Criscito","14","D"
"Sacc","Bayer Leverdure","2020/2021","Kumbulla","7","D"
"Sacc","Bayer Leverdure","2020/2021","Palomino","3","D"
"Sacc","Bayer Leverdure","2020/2021","Tomiyasu","3","D"
"Sacc","Bayer Leverdure","2020/2021","Bruno Peres","2","D"
"Sacc","Bayer Leverdure","2020/2021","Vojvoda","1","D"
"Sacc","Bayer Leverdure","2020/2021","Calhanoglu","40","C"
"Sacc","Bayer Leverdure","2020/2021","De Paul","18","C"
"Sacc","Bayer Leverdure","2020/2021","Arthur","8","C"
"Sacc","Bayer Leverdure","2020/2021","Diaz B.","13","C"
"Sacc","Bayer Leverdure","2020/2021","De Roon","11","C"
"Sacc","Bayer Leverdure","2020/2021","Zajc","1","C"
"Sacc","Bayer Leverdure","2020/2021","Amrabat","3","C"
"Sacc","Bayer Leverdure","2020/2021","McKennie","1","C"
"Sacc","Bayer Leverdure","2020/2021","Ronaldo","231","A"
"Sacc","Bayer Leverdure","2020/2021","Barrow","10","A"
"Sacc","Bayer Leverdure","2020/2021","Gabbiadini","1","A"
"Sacc","Bayer Leverdure","2020/2021","Simy","2","A"
"Sacc","Bayer Leverdure","2020/2021","Deulofeu","12","A"
"Sacc","Bayer Leverdure","2020/2021","Hauge","1","A"
"Sacc","Bayer Leverdure","2021/2022","Musso","35","P"
"Sacc","Bayer Leverdure","2021/2022","Montipo'","3","P"
"Sacc","Bayer Leverdure","2021/2022","Sportiello","1","P"
"Sacc","Bayer Leverdure","2021/2022","Hernandez T.","48","D"
"Sacc","Bayer Leverdure","2021/2022","Bastoni","15","D"
"Sacc","Bayer Leverdure","2021/2022","Bonucci","10","D"
"Sacc","Bayer Leverdure","2021/2022","Nuytinck","6","D"
"Sacc","Bayer Leverdure","2021/2022","Augello","4","D"
"Sacc","Bayer Leverdure","2021/2022","Toloi","10","D"
"Sacc","Bayer Leverdure","2021/2022","Vanheusden","1","D"
"Sacc","Bayer Leverdure","2021/2022","Serpe","1","D"
"Sacc","Bayer Leverdure","2021/2022","Veretout","53","C"
"Sacc","Bayer Leverdure","2021/2022","Djuricic","37","C"
"Sacc","Bayer Leverdure","2021/2022","Lazovic","10","C"
"Sacc","Bayer Leverdure","2021/2022","Brozovic","14","C"
"Sacc","Bayer Leverdure","2021/2022","Marin","9","C"
"Sacc","Bayer Leverdure","2021/2022","Pulgar","1","C"
"Sacc","Bayer Leverdure","2021/2022","Zambo Anguissa","1","C"
"Sacc","Bayer Leverdure","2021/2022","Hernani","1","C"
"Sacc","Bayer Leverdure","2021/2022","Insigne","108","A"
"Sacc","Bayer Leverdure","2021/2022","Caputo","83","A"
"Sacc","Bayer Leverdure","2021/2022","Destro","1","A"
"Sacc","Bayer Leverdure","2021/2022","Caicedo","17","A"
"Sacc","Bayer Leverdure","2021/2022","Keita B.","16","A"
"Sacc","Bayer Leverdure","2021/2022","Kaio Jorge","1","A"
"Sacc","Bayer Leverdure","2022/2023","Maignan","47","P"
"Sacc","Bayer Leverdure","2022/2023","Dragowski","1","P"
"Sacc","Bayer Leverdure","2022/2023","Tatarusanu","1","P"
"Sacc","Bayer Leverdure","2022/2023","Bonucci","9","D"
"Sacc","Bayer Leverdure","2022/2023","Demiral","7","D"
"Sacc","Bayer Leverdure","2022/2023","Karsdorp","14","D"
"Sacc","Bayer Leverdure","2022/2023","Mari'","2","D"
"Sacc","Bayer Leverdure","2022/2023","Cambiaso","3","D"
"Sacc","Bayer Leverdure","2022/2023","Mazzocchi","1","D"
"Sacc","Bayer Leverdure","2022/2023","De Winter","2","D"
"Sacc","Bayer Leverdure","2022/2023","Gatti","1","D"
"Sacc","Bayer Leverdure","2022/2023","Barak","25","C"
"Sacc","Bayer Leverdure","2022/2023","Zielinski","35","C"
"Sacc","Bayer Leverdure","2022/2023","Pereyra","30","C"
"Sacc","Bayer Leverdure","2022/2023","Wijnaldum","5","C"
"Sacc","Bayer Leverdure","2022/2023","Sabiri","16","C"
"Sacc","Bayer Leverdure","2022/2023","Bennacer","6","C"
"Sacc","Bayer Leverdure","2022/2023","Saponara","1","C"
"Sacc","Bayer Leverdure","2022/2023","Adli","2","C"
"Sacc","Bayer Leverdure","2022/2023","Rafael Leao","206","A"
"Sacc","Bayer Leverdure","2022/2023","Simeone","3","A"
"Sacc","Bayer Leverdure","2022/2023","Raspadori","52","A"
"Sacc","Bayer Leverdure","2022/2023","Rebic","20","A"
"Sacc","Bayer Leverdure","2022/2023","Boga","8","A"
"Sacc","Bayer Leverdure","2022/2023","Zirkzee","1","A"
"Sacc","Al Bacaro","2023/2024","Terracciano","20","P"
"Sacc","Al Bacaro","2023/2024","Di Gregorio","15","P"
"Sacc","Al Bacaro","2023/2024","Christensen O.","1","P"
"Sacc","Al Bacaro","2023/2024","Mario Rui","7","D"
"Sacc","Al Bacaro","2023/2024","Romagnoli","7","D"
"Sacc","Al Bacaro","2023/2024","Spinazzola","11","D"
"Sacc","Al Bacaro","2023/2024","Mina","1","D"
"Sacc","Al Bacaro","2023/2024","N'dicka","2","D"
"Sacc","Al Bacaro","2023/2024","Doig","9","D"
"Sacc","Al Bacaro","2023/2024","Carlos Augusto","11","D"
"Sacc","Al Bacaro","2023/2024","Pellegrino","1","D"
"Sacc","Al Bacaro","2023/2024","Zaccagni","53","C"
"Sacc","Al Bacaro","2023/2024","Gagliardini","1","C"
"Sacc","Al Bacaro","2023/2024","Mandragora","1","C"
"Sacc","Al Bacaro","2023/2024","Castillejo","1","C"
"Sacc","Al Bacaro","2023/2024","Loftus-Cheek","20","C"
"Sacc","Al Bacaro","2023/2024","Lobotka","6","C"
"Sacc","Al Bacaro","2023/2024","Lopez M.","1","C"
"Sacc","Al Bacaro","2023/2024","Samardzic","32","C"
"Sacc","Al Bacaro","2023/2024","Milik","23","A"
"Sacc","Al Bacaro","2023/2024","Abraham","1","A"
"Sacc","Al Bacaro","2023/2024","Vlahovic","192","A"
"Sacc","Al Bacaro","2023/2024","Nzola","30","A"
"Sacc","Al Bacaro","2023/2024","Okafor","50","A"
"Sacc","Al Bacaro","2023/2024","Yildiz","1","A"
"Scalco","Liverplate","2019/2020","Skorupski",NA,"P"
"Scalco","Liverplate","2019/2020","Szczesny",NA,"P"
"Scalco","Liverplate","2019/2020",NA,NA,"P"
"Scalco","Liverplate","2019/2020","Lirola",NA,"D"
"Scalco","Liverplate","2019/2020","Marusic",NA,"D"
"Scalco","Liverplate","2019/2020","Skriniar",NA,"D"
"Scalco","Liverplate","2019/2020","De Ligt",NA,"D"
"Scalco","Liverplate","2019/2020","Di Lorenzo",NA,"D"
"Scalco","Liverplate","2019/2020","Aina",NA,"D"
"Scalco","Liverplate","2019/2020","Young",NA,"D"
"Scalco","Liverplate","2019/2020",NA,NA,"D"
"Scalco","Liverplate","2019/2020","Luis Alberto",NA,"C"
"Scalco","Liverplate","2019/2020","Kluivert",NA,"C"
"Scalco","Liverplate","2019/2020","Freuler",NA,"C"
"Scalco","Liverplate","2019/2020","Berenguer",NA,"C"
"Scalco","Liverplate","2019/2020","Lazzari",NA,"C"
"Scalco","Liverplate","2019/2020","Lulic",NA,"C"
"Scalco","Liverplate","2019/2020","Castro",NA,"C"
"Scalco","Liverplate","2019/2020","Lazovic",NA,"C"
"Scalco","Liverplate","2019/2020","Ronaldo",NA,"A"
"Scalco","Liverplate","2019/2020","Correa",NA,"A"
"Scalco","Liverplate","2019/2020","Falco",NA,"A"
"Scalco","Liverplate","2019/2020","Rigoni",NA,"A"
"Scalco","Liverplate","2019/2020","Pandev",NA,"A"
"Scalco","Liverplate","2019/2020",NA,NA,"A"
"Teo","Tettenham","2021/2022","Meret","33","P"
"Teo","Tettenham","2021/2022","Ospina","4","P"
"Teo","Tettenham","2021/2022","Berisha","1","P"
"Teo","Tettenham","2021/2022","Gosens","43","D"
"Teo","Tettenham","2021/2022","Tomori","12","D"
"Teo","Tettenham","2021/2022","Milenkovic","12","D"
"Teo","Tettenham","2021/2022","Bastoni S.","3","D"
"Teo","Tettenham","2021/2022","Bonifazi","1","D"
"Teo","Tettenham","2021/2022","Luiz Felipe","1","D"
"Teo","Tettenham","2021/2022","Zortea","1","D"
"Teo","Tettenham","2021/2022","Caldara","1","D"
"Teo","Tettenham","2021/2022","Mkhitaryan","53","C"
"Teo","Tettenham","2021/2022","Kessie","34","C"
"Teo","Tettenham","2021/2022","Soriano","25","C"
"Teo","Tettenham","2021/2022","Freuler","20","C"
"Teo","Tettenham","2021/2022","Sigurdsson","1","C"
"Teo","Tettenham","2021/2022","Lucas Leiva","1","C"
"Teo","Tettenham","2021/2022","Bennacer","1","C"
"Teo","Tettenham","2021/2022","Bernardeschi","1","C"
"Teo","Tettenham","2021/2022","Zapata D.","142","A"
"Teo","Tettenham","2021/2022","Berardi","82","A"
"Teo","Tettenham","2021/2022","Barrow","1","A"
"Teo","Tettenham","2021/2022","Pavoletti","4","A"
"Teo","Tettenham","2021/2022","Gabbiadini","1","A"
"Teo","Tettenham","2021/2022","Mancuso","16","A"
"Teo","Tettenham","2022/2023","Berisha","1","P"
"Teo","Tettenham","2022/2023","Audero","2","P"
"Teo","Tettenham","2022/2023","Milinkovic-Savic V.","1","P"
"Teo","Tettenham","2022/2023","Hernandez T.","55","D"
"Teo","Tettenham","2022/2023","Danilo","11","D"
"Teo","Tettenham","2022/2023","Faraoni","17","D"
"Teo","Tettenham","2022/2023","Rodriguez R.","1","D"
"Teo","Tettenham","2022/2023","Marusic","1","D"
"Teo","Tettenham","2022/2023","Umtiti","3","D"
"Teo","Tettenham","2022/2023","Valeri","1","D"
"Teo","Tettenham","2022/2023","Ostigard","1","D"
"Teo","Tettenham","2022/2023","Chiesa","14","C"
"Teo","Tettenham","2022/2023","Frattesi","17","C"
"Teo","Tettenham","2022/2023","Zaniolo","39","C"
"Teo","Tettenham","2022/2023","Locatelli","5","C"
"Teo","Tettenham","2022/2023","Messias","6","C"
"Teo","Tettenham","2022/2023","Mandragora","1","C"
"Teo","Tettenham","2022/2023","Ndombele'","7","C"
"Teo","Tettenham","2022/2023","Zurkovski","1","C"
"Teo","Tettenham","2022/2023","Vlahovic","195","A"
"Teo","Tettenham","2022/2023","Giroud","80","A"
"Teo","Tettenham","2022/2023","Origi","24","A"
"Teo","Tettenham","2022/2023","Orsolini","6","A"
"Teo","Tettenham","2022/2023","Ciofani D.","1","A"
"Teo","Tettenham","2022/2023","Quagliarella","1","A"
"Teo","Tettenham","2023/2024","Cragno","1","P"
"Teo","Tettenham","2023/2024","Carnesecchi","18","P"
"Teo","Tettenham","2023/2024","Ochoa","10","P"
"Teo","Tettenham","2023/2024","Juan Jesus","1","D"
"Teo","Tettenham","2023/2024","Lazzari","2","D"
"Teo","Tettenham","2023/2024","Mancini","5","D"
"Teo","Tettenham","2023/2024","Hernandez T.","55","D"
"Teo","Tettenham","2023/2024","Kyriakopoulos","1","D"
"Teo","Tettenham","2023/2024","Vojvoda","1","D"
"Teo","Tettenham","2023/2024","Holm","8","D"
"Teo","Tettenham","2023/2024","Beukema","1","D"
"Teo","Tettenham","2023/2024","Politano","17","C"
"Teo","Tettenham","2023/2024","Jankto","1","C"
"Teo","Tettenham","2023/2024","Orsolini","40","C"
"Teo","Tettenham","2023/2024","Barak","1","C"
"Teo","Tettenham","2023/2024","Rabiot","42","C"
"Teo","Tettenham","2023/2024","Duda","1","C"
"Teo","Tettenham","2023/2024","Weah","5","C"
"Teo","Tettenham","2023/2024","Mckennie","1","C"
"Teo","Tettenham","2023/2024","Caprari","17","A"
"Teo","Tettenham","2023/2024","Chiesa","79","A"
"Teo","Tettenham","2023/2024","Jovic","9","A"
"Teo","Tettenham","2023/2024","Giroud","110","A"
"Teo","Tettenham","2023/2024","Lookman","40","A"
"Teo","Tettenham","2023/2024","Cheddira","9","A"
