"coach","season","team"
"Albe","2019/2020","Aston Pirla"
"Pasol","2021/2022","HERTA VERNELLO"
"Jack","2019/2020","Fanta Figa"
"Fu","2023/2024","AF Antastica"
"Albe","2021/2022","Aston Pirla"
"Ricky","2022/2023","FC Tigrotto"
"Cos","2023/2024","Joe Gage FC"
"Jack","2021/2022","SS FelLazio"
"Teo","2022/2023","Tettenham"
"Jack","2020/2021","Fanta Figa"
"Albe","2023/2024","Aston Pirla"
"Fu","2020/2021","Hakimi Raikkonen"
"Gullo","2020/2021","Sbocca Juniors"
"Cos","2022/2023","Joe Gage FC"
"Fu","2022/2023","AF Antastica"
"Gullo","2021/2022","Sbocca Juniors"
"Cos","2019/2020","Joe Gage FC"
"Gullo","2019/2020","Deportivo la Carogna"
"Alby","2020/2021","Zoggiathebest99 Team"
"Ricky","2023/2024","FC Tigrotto"
"Alby","2021/2022","Zoggiathebest99 Team"
"Sacc","2019/2020","Bayer Leverdure"
"Gullo","2022/2023","Sbocca Juniors"
"Pape","2023/2024","Fc Scrotone"
"Albe","2022/2023","Aston Pirla"
"Sacc","2021/2022","Bayer Leverdure"
"Pasol","2023/2024","Herta Vernello"
"Pasol","2019/2020","MVPippe"
"Alby","2023/2024","Zoggiathebest99 Team"
"Scalco","2019/2020","Liverplate"
"Sacc","2020/2021","Bayer Leverdure"
"Cos","2020/2021","Joe Gage FC"
"Fu","2019/2020","AC Ciughina"
"Pape","2021/2022","Patatinaikos"
"Teo","2023/2024","Tettenham"
"Albe","2020/2021","Aston Pirla"
"Teo","2021/2022","Tettenham"
"Pasol","2022/2023","HERTA VERNELLO"
"Fu","2021/2022","Stame Vecino Utd"
"Sacc","2023/2024","Al Bacaro"
"Gullo","2023/2024","Sbocca Juniors"
"Alby","2022/2023","Zoggiathebest99 Team"
"Sacc","2022/2023","Bayer Leverdure"
"Pape","2019/2020","Patatinaikos"
"Pasol","2020/2021","MVPippe"
"Cos","2021/2022","Joe Gage FC"
"Jack","2022/2023","SS FelLazio"
"Alby","2019/2020","Zoggiathebest99 Team"
"Cos","2018/2019","Joe Gage FC"
"Alby","2018/2019","Zoggiathebest99 Team"
"Albe","2018/2019","Aston Pirla"
"Pape","2018/2019","Patatinaikos"
"Sacc","2018/2019","Bayer Leverdure"
"Pasol","2018/2019","MVPippe"
"Jack","2018/2019","Fanta Figa"
"Gullo","2018/2019","Deportivo la Carogna"
"Ricky","2024/2025","FC Tigrotto"
"Fu","2024/2025","AF Antastica"
"Pape","2024/2025","Fc Scrotone"
"Albe","2024/2025","Aston Pirla"
"Alby","2024/2025","Zoggiathebest99 Team"
"Gullo","2024/2025","Sambuca Juniors"
"Pasol","2024/2025","Herta Vernello"
"Cos","2024/2025","Joe Gage FC"
"Sacc","2024/2025","Al Bacaro"
"Teo","2024/2025","Tettenham"
